"id","session","timestamp","dst_ip","dst_port","data"
"1","12079eaf7b7c","2023-12-23 12:45:03","142.250.74.78","80","b'GET / HTTP/1.0\r\nHost: google.com\r\n\r\n'"
"2","12079eaf7b7c","2023-12-23 12:45:03","2a00:1450:400f:802::200e","80","b'GET / HTTP/1.0\r\nHost: google.com\r\n\r\n'"
"3","12079eaf7b7c","2023-12-23 12:45:04","74.6.143.26","80","b'GET / HTTP/1.0\r\nHost: yahoo.com\r\n\r\n'"
"4","12079eaf7b7c","2023-12-23 12:45:04","2001:4998:44:3507::8001","80","b'GET / HTTP/1.0\r\nHost: yahoo.com\r\n\r\n'"
"5","12079eaf7b7c","2023-12-23 12:45:04","74.6.143.25","80","b'GET / HTTP/1.0\r\nHost: yandex.ru\r\n\r\n'"
"6","12079eaf7b7c","2023-12-23 12:45:04","2001:4998:44:3507::8001","80","b'GET / HTTP/1.0\r\nHost: yandex.ru\r\n\r\n'"
"7","00ef84cb9cff","2023-12-23 13:19:38","142.251.1.113","443","b""\x16\x03\x03\x00%\x10\x00\x00! \x85J\xc9\x8ea[\x86pP-P*f\x9a\x8d\xbd/'\xcf\xd8&\xde\xe8\xb8\xf7j\xe5?f\xa7\xa7\xf7\x00"""
"8","50405912c350","2023-12-23 13:36:58","142.250.74.78","80","b'GET / HTTP/1.0\r\nHost: google.com\r\n\r\n'"
"9","50405912c350","2023-12-23 13:36:58","2a00:1450:400f:802::200e","80","b'GET / HTTP/1.0\r\nHost: google.com\r\n\r\n'"
"10","50405912c350","2023-12-23 13:36:59","74.6.143.26","80","b'GET / HTTP/1.0\r\nHost: yahoo.com\r\n\r\n'"
"11","50405912c350","2023-12-23 13:36:59","2001:4998:44:3507::8001","80","b'GET / HTTP/1.0\r\nHost: yahoo.com\r\n\r\n'"
"12","50405912c350","2023-12-23 13:36:59","77.88.55.60","80","b'GET / HTTP/1.0\r\nHost: yandex.ru\r\n\r\n'"
"13","50405912c350","2023-12-23 13:37:00","2001:4998:124:1507::f000","80","b'GET / HTTP/1.0\r\nHost: yandex.ru\r\n\r\n'"
"14","75baf0712a66","2023-12-23 17:14:57","142.250.186.196","443","b""\x16\x03\x01\x02\x00\x01\x00\x01\xfc\x03\x03{\xbc\xd9\xc0D\xd1\x98'`f\xc8\xfb\x86\xf0\x86%\xf7qi\x1e\x85\x84\x06}\xa1,_pB:\xff@ \x89\x1f\xbc0\xf9\x020\xaa\x13\xd0n\xb2\xb6I\x08o\x84\xbakDk\xcb\x7f2kk@\x0b\xad\xae\xc6\x81\x00V\x13\x02\x13\x03\x13\x01\xc0,\xc00\xc0+\xc0/\xcc\xa9\xcc\xa8\x00\x9f\x00\x9e\xcc\xaa\xc0\xaf\xc0\xad\xc0\xae\xc0\xac\xc0$\xc0(\xc0#\xc0'\xc0\n\xc0\x14\xc0\t\xc0\x13\xc0\xa3\xc0\x9f\xc0\xa2\xc0\x9e\x00k\x00g\x009\x003\x00\x9d\x00\x9c\xc0\xa1\xc0\x9d\xc0\xa0\xc0\x9c\x00=\x00<\x005\x00/\x00\xff\x01\x00\x01]\x00\x00\x00\x13\x00\x11\x00\x00\x0ewww.google.com\x00\x0b\x00\x04\x03\x00\x01\x02\x00\n\x00\x0c\x00\n\x00\x1d\x00\x17\x00\x1e\x00\x19\x00\x18\x00\x10\x00\x0b\x00\t\x08http/1.1\x00\x16\x00\x00\x00\x17\x00\x00\x001\x00\x00\x00\r\x00*\x00(\x04\x03\x05\x03\x06\x03\x08\x07\x08\x08\x08\t\x08\n\x08\x0b\x08\x04\x08\x05\x08\x06\x04\x01\x05\x01\x06\x01\x03\x03\x03\x01\x03\x02\x04\x02\x05\x02\x06\x02\x00+\x00\x05\x04\x03\x04\x03\x03\x00-\x00\x02\x01\x01\x003\x00&\x00$\x00\x1d\x00 \xf8\x80\x99\xb0\xa4wt\xbda\xecXu.\x9c\xec\x88cxB[\xb3\xdf\xb3\xd5\xd7\xd2\x06\xca\x98\xc3\xd2+\x00\x15\x00\xa8\x00\x00\x00\x00\x00\x00\x00\x00\x00\x00\x00\x00\x00\x00\x00\x00\x00\x00\x00\x00\x00\x00\x00\x00\x00\x00\x00\x00\x00\x00\x00\x00\x00\x00\x00\x00\x00\x00\x00\x00\x00\x00\x00\x00\x00\x00\x00\x00\x00\x00\x00\x00\x00\x00\x00\x00\x00\x00\x00\x00\x00\x00\x00\x00\x00\x00\x00\x00\x00\x00\x00\x00\x00\x00\x00\x00\x00\x00\x00\x00\x00\x00\x00\x00\x00\x00\x00\x00\x00\x00\x00\x00\x00\x00\x00\x00\x00\x00\x00\x00\x00\x00\x00\x00\x00\x00\x00\x00\x00\x00\x00\x00\x00\x00\x00\x00\x00\x00\x00\x00\x00\x00\x00\x00\x00\x00\x00\x00\x00\x00\x00\x00\x00\x00\x00\x00\x00\x00\x00\x00\x00\x00\x00\x00\x00\x00\x00\x00\x00\x00\x00\x00\x00\x00\x00\x00\x00\x00\x00\x00\x00\x00\x00\x00\x00\x00\x00\x00"""
"15","75baf0712a66","2023-12-23 17:14:57","34.117.186.192","443","b""\x16\x03\x01\x02\x00\x01\x00\x01\xfc\x03\x03\xeaK[\xe1t\x01\x1b$!\xa1A\x06\n\x91p\xb8\xabL{\xfd\x96\x03q[\xfb\x18\x9d.4g\xa8\\ \xb4(N\x93\x12w\xf4\x82\x9c\x07EB8[\x0e\xf08\xec\x85P\xed\xa1&\xf9\xf2\xb2E\xe1\x9f\x99\xc0\xad\x00V\x13\x02\x13\x03\x13\x01\xc0,\xc00\xc0+\xc0/\xcc\xa9\xcc\xa8\x00\x9f\x00\x9e\xcc\xaa\xc0\xaf\xc0\xad\xc0\xae\xc0\xac\xc0$\xc0(\xc0#\xc0'\xc0\n\xc0\x14\xc0\t\xc0\x13\xc0\xa3\xc0\x9f\xc0\xa2\xc0\x9e\x00k\x00g\x009\x003\x00\x9d\x00\x9c\xc0\xa1\xc0\x9d\xc0\xa0\xc0\x9c\x00=\x00<\x005\x00/\x00\xff\x01\x00\x01]\x00\x00\x00\x0e\x00\x0c\x00\x00\tipinfo.io\x00\x0b\x00\x04\x03\x00\x01\x02\x00\n\x00\x0c\x00\n\x00\x1d\x00\x17\x00\x1e\x00\x19\x00\x18\x00\x10\x00\x0b\x00\t\x08http/1.1\x00\x16\x00\x00\x00\x17\x00\x00\x001\x00\x00\x00\r\x00*\x00(\x04\x03\x05\x03\x06\x03\x08\x07\x08\x08\x08\t\x08\n\x08\x0b\x08\x04\x08\x05\x08\x06\x04\x01\x05\x01\x06\x01\x03\x03\x03\x01\x03\x02\x04\x02\x05\x02\x06\x02\x00+\x00\x05\x04\x03\x04\x03\x03\x00-\x00\x02\x01\x01\x003\x00&\x00$\x00\x1d\x00 \xefY\xb4\xd6\xe5v \x10\xack\x88\xbf\x0ck0\xbdt\xedU\x1f\nL\xaa\x03\xcc\xc0\x1a\x95b}*\x11\x00\x15\x00\xad\x00\x00\x00\x00\x00\x00\x00\x00\x00\x00\x00\x00\x00\x00\x00\x00\x00\x00\x00\x00\x00\x00\x00\x00\x00\x00\x00\x00\x00\x00\x00\x00\x00\x00\x00\x00\x00\x00\x00\x00\x00\x00\x00\x00\x00\x00\x00\x00\x00\x00\x00\x00\x00\x00\x00\x00\x00\x00\x00\x00\x00\x00\x00\x00\x00\x00\x00\x00\x00\x00\x00\x00\x00\x00\x00\x00\x00\x00\x00\x00\x00\x00\x00\x00\x00\x00\x00\x00\x00\x00\x00\x00\x00\x00\x00\x00\x00\x00\x00\x00\x00\x00\x00\x00\x00\x00\x00\x00\x00\x00\x00\x00\x00\x00\x00\x00\x00\x00\x00\x00\x00\x00\x00\x00\x00\x00\x00\x00\x00\x00\x00\x00\x00\x00\x00\x00\x00\x00\x00\x00\x00\x00\x00\x00\x00\x00\x00\x00\x00\x00\x00\x00\x00\x00\x00\x00\x00\x00\x00\x00\x00\x00\x00\x00\x00\x00\x00\x00\x00\x00\x00\x00\x00"""
"16","54403c44a2f7","2023-12-23 18:04:36","142.250.74.78","80","b'GET / HTTP/1.0\r\nHost: google.com\r\n\r\n'"
"17","54403c44a2f7","2023-12-23 18:04:36","2a00:1450:400f:802::200e","80","b'GET / HTTP/1.0\r\nHost: google.com\r\n\r\n'"
"18","54403c44a2f7","2023-12-23 18:04:37","98.137.11.163","80","b'GET / HTTP/1.0\r\nHost: yahoo.com\r\n\r\n'"
"19","54403c44a2f7","2023-12-23 18:04:37","2001:4998:44:3507::8001","80","b'GET / HTTP/1.0\r\nHost: yahoo.com\r\n\r\n'"
"20","54403c44a2f7","2023-12-23 18:04:37","5.255.255.70","80","b'GET / HTTP/1.0\r\nHost: yandex.ru\r\n\r\n'"
"21","54403c44a2f7","2023-12-23 18:04:37","2a02:6b8:a::a","80","b'GET / HTTP/1.0\r\nHost: yandex.ru\r\n\r\n'"
"22","28b47ea9517c","2023-12-23 20:55:12","142.250.186.196","443","b""\x16\x03\x01\x02\x00\x01\x00\x01\xfc\x03\x03\x011\xdcm\x8e:\xf3\xc5\x8b\x130\x91\x91\x99O\x00\xda\xd2 \xfb\x85\xfe\xc6\xb6\xa1\x99\xd7\x1d\xb5\xebI* \xcb\x96&\xeb\x92KN\xc9\xf4\xc3\xd2@\x86\xf8\x1dK\x84\x02~7\x0cP@\xf8\x86N\xee\xef\x14)\x0eg\x00V\x13\x02\x13\x03\x13\x01\xc0,\xc00\xc0+\xc0/\xcc\xa9\xcc\xa8\x00\x9f\x00\x9e\xcc\xaa\xc0\xaf\xc0\xad\xc0\xae\xc0\xac\xc0$\xc0(\xc0#\xc0'\xc0\n\xc0\x14\xc0\t\xc0\x13\xc0\xa3\xc0\x9f\xc0\xa2\xc0\x9e\x00k\x00g\x009\x003\x00\x9d\x00\x9c\xc0\xa1\xc0\x9d\xc0\xa0\xc0\x9c\x00=\x00<\x005\x00/\x00\xff\x01\x00\x01]\x00\x00\x00\x13\x00\x11\x00\x00\x0ewww.google.com\x00\x0b\x00\x04\x03\x00\x01\x02\x00\n\x00\x0c\x00\n\x00\x1d\x00\x17\x00\x1e\x00\x19\x00\x18\x00\x10\x00\x0b\x00\t\x08http/1.1\x00\x16\x00\x00\x00\x17\x00\x00\x001\x00\x00\x00\r\x00*\x00(\x04\x03\x05\x03\x06\x03\x08\x07\x08\x08\x08\t\x08\n\x08\x0b\x08\x04\x08\x05\x08\x06\x04\x01\x05\x01\x06\x01\x03\x03\x03\x01\x03\x02\x04\x02\x05\x02\x06\x02\x00+\x00\x05\x04\x03\x04\x03\x03\x00-\x00\x02\x01\x01\x003\x00&\x00$\x00\x1d\x00 d\n\xae\xf3<\x9f/~\x02\x9aGq\xc1BS\x0bM\x89\x1c\xd6\x85\xfb\x12\xd9\xf3%w\xedM\x98!`\x00\x15\x00\xa8\x00\x00\x00\x00\x00\x00\x00\x00\x00\x00\x00\x00\x00\x00\x00\x00\x00\x00\x00\x00\x00\x00\x00\x00\x00\x00\x00\x00\x00\x00\x00\x00\x00\x00\x00\x00\x00\x00\x00\x00\x00\x00\x00\x00\x00\x00\x00\x00\x00\x00\x00\x00\x00\x00\x00\x00\x00\x00\x00\x00\x00\x00\x00\x00\x00\x00\x00\x00\x00\x00\x00\x00\x00\x00\x00\x00\x00\x00\x00\x00\x00\x00\x00\x00\x00\x00\x00\x00\x00\x00\x00\x00\x00\x00\x00\x00\x00\x00\x00\x00\x00\x00\x00\x00\x00\x00\x00\x00\x00\x00\x00\x00\x00\x00\x00\x00\x00\x00\x00\x00\x00\x00\x00\x00\x00\x00\x00\x00\x00\x00\x00\x00\x00\x00\x00\x00\x00\x00\x00\x00\x00\x00\x00\x00\x00\x00\x00\x00\x00\x00\x00\x00\x00\x00\x00\x00\x00\x00\x00\x00\x00\x00\x00\x00\x00\x00\x00\x00"""
"23","28b47ea9517c","2023-12-23 20:55:12","34.117.186.192","443","b'\x16\x03\x01\x02\x00\x01\x00\x01\xfc\x03\x03 \xf2\x8278\xb9\xff\xdc\x8f\x16\x1b$\x8e\xb4n\x90z\xf23\xc3\x91Wy|""\xb0\xd4-\x98;y\xb3 \xffRc:\x82\x1e?\x7f\xe5\xc5o\xb8L\xc9m\x1ci*\xcbNm""\x97\x1e\x15\xfd)\xf9`\xec#2\x00V\x13\x02\x13\x03\x13\x01\xc0,\xc00\xc0+\xc0/\xcc\xa9\xcc\xa8\x00\x9f\x00\x9e\xcc\xaa\xc0\xaf\xc0\xad\xc0\xae\xc0\xac\xc0$\xc0(\xc0#\xc0\'\xc0\n\xc0\x14\xc0\t\xc0\x13\xc0\xa3\xc0\x9f\xc0\xa2\xc0\x9e\x00k\x00g\x009\x003\x00\x9d\x00\x9c\xc0\xa1\xc0\x9d\xc0\xa0\xc0\x9c\x00=\x00<\x005\x00/\x00\xff\x01\x00\x01]\x00\x00\x00\x0e\x00\x0c\x00\x00\tipinfo.io\x00\x0b\x00\x04\x03\x00\x01\x02\x00\n\x00\x0c\x00\n\x00\x1d\x00\x17\x00\x1e\x00\x19\x00\x18\x00\x10\x00\x0b\x00\t\x08http/1.1\x00\x16\x00\x00\x00\x17\x00\x00\x001\x00\x00\x00\r\x00*\x00(\x04\x03\x05\x03\x06\x03\x08\x07\x08\x08\x08\t\x08\n\x08\x0b\x08\x04\x08\x05\x08\x06\x04\x01\x05\x01\x06\x01\x03\x03\x03\x01\x03\x02\x04\x02\x05\x02\x06\x02\x00+\x00\x05\x04\x03\x04\x03\x03\x00-\x00\x02\x01\x01\x003\x00&\x00$\x00\x1d\x00 S\xcaX\x06w#<\xbfx^\x92\x98\x82\x8c\x07\x9d\xb7\xa3\x1c{\x14!y\x0b\xa9\xcc\xdf&\x08\x04\x7fz\x00\x15\x00\xad\x00\x00\x00\x00\x00\x00\x00\x00\x00\x00\x00\x00\x00\x00\x00\x00\x00\x00\x00\x00\x00\x00\x00\x00\x00\x00\x00\x00\x00\x00\x00\x00\x00\x00\x00\x00\x00\x00\x00\x00\x00\x00\x00\x00\x00\x00\x00\x00\x00\x00\x00\x00\x00\x00\x00\x00\x00\x00\x00\x00\x00\x00\x00\x00\x00\x00\x00\x00\x00\x00\x00\x00\x00\x00\x00\x00\x00\x00\x00\x00\x00\x00\x00\x00\x00\x00\x00\x00\x00\x00\x00\x00\x00\x00\x00\x00\x00\x00\x00\x00\x00\x00\x00\x00\x00\x00\x00\x00\x00\x00\x00\x00\x00\x00\x00\x00\x00\x00\x00\x00\x00\x00\x00\x00\x00\x00\x00\x00\x00\x00\x00\x00\x00\x00\x00\x00\x00\x00\x00\x00\x00\x00\x00\x00\x00\x00\x00\x00\x00\x00\x00\x00\x00\x00\x00\x00\x00\x00\x00\x00\x00\x00\x00\x00\x00\x00\x00\x00\x00\x00\x00\x00\x00'"
"24","14b1bfae902f","2023-12-23 21:54:22","142.250.74.78","80","b'GET / HTTP/1.0\r\nHost: google.com\r\n\r\n'"
"25","14b1bfae902f","2023-12-23 21:54:23","2a00:1450:400f:802::200e","80","b'GET / HTTP/1.0\r\nHost: google.com\r\n\r\n'"
"26","14b1bfae902f","2023-12-23 21:54:23","98.137.11.164","80","b'GET / HTTP/1.0\r\nHost: yahoo.com\r\n\r\n'"
"27","14b1bfae902f","2023-12-23 21:54:23","2a00:1450:400f:802::200e","80","b'GET / HTTP/1.0\r\nHost: yahoo.com\r\n\r\n'"
"28","14b1bfae902f","2023-12-23 21:54:23","98.137.11.164","80","b'GET / HTTP/1.0\r\nHost: yandex.ru\r\n\r\n'"
"29","14b1bfae902f","2023-12-23 21:54:24","2001:4998:44:3507::8000","80","b'GET / HTTP/1.0\r\nHost: yandex.ru\r\n\r\n'"
"30","c577035b09e8","2023-12-23 22:42:11","142.250.74.78","80","b'GET / HTTP/1.0\r\nHost: google.com\r\n\r\n'"
"31","c577035b09e8","2023-12-23 22:42:11","2a00:1450:400f:802::200e","80","b'GET / HTTP/1.0\r\nHost: google.com\r\n\r\n'"
"32","c577035b09e8","2023-12-23 22:42:11","74.6.143.26","80","b'GET / HTTP/1.0\r\nHost: yahoo.com\r\n\r\n'"
"33","c577035b09e8","2023-12-23 22:42:12","2a00:1450:400f:802::200e","80","b'GET / HTTP/1.0\r\nHost: yahoo.com\r\n\r\n'"
"34","c577035b09e8","2023-12-23 22:42:12","74.6.143.26","80","b'GET / HTTP/1.0\r\nHost: yandex.ru\r\n\r\n'"
"35","c577035b09e8","2023-12-23 22:42:12","2001:4998:124:1507::f001","80","b'GET / HTTP/1.0\r\nHost: yandex.ru\r\n\r\n'"
"36","8f9b8b1734e0","2023-12-23 23:07:53","142.250.74.78","80","b'GET / HTTP/1.0\r\nHost: google.com\r\n\r\n'"
"37","8f9b8b1734e0","2023-12-23 23:07:53","2a00:1450:400f:802::200e","80","b'GET / HTTP/1.0\r\nHost: google.com\r\n\r\n'"
"38","8f9b8b1734e0","2023-12-23 23:07:54","142.250.74.78","80","b'GET / HTTP/1.0\r\nHost: yahoo.com\r\n\r\n'"
"39","8f9b8b1734e0","2023-12-23 23:07:54","2001:4998:124:1507::f001","80","b'GET / HTTP/1.0\r\nHost: yahoo.com\r\n\r\n'"
"40","8f9b8b1734e0","2023-12-23 23:07:54","5.255.255.70","80","b'GET / HTTP/1.0\r\nHost: yandex.ru\r\n\r\n'"
"41","8f9b8b1734e0","2023-12-23 23:07:54","2001:4998:44:3507::8000","80","b'GET / HTTP/1.0\r\nHost: yandex.ru\r\n\r\n'"
"42","7bf314544d53","2023-12-23 23:42:29","64.233.165.147","443","b'\x16\x03\x01\x02\x00\x01\x00\x01\xfc\x03\x03\t\x02\xb5~\xdeX\r\xe4IQt\x0f\xa4\xe7\x85\xb4\x81Y\x97?\x16\x86""\xf2\x06\xaa\xdc\x02\xe4\xbe\xb2\xc1 #y}v\xd8=\xea\x8b\xef\xf8\xb3\xe8?\x1b\xfav\x01\xb4;\xc8.\x04\x80c_a\xfd\x02\xf5\xeapc\x00V\x13\x02\x13\x03\x13\x01\xc0,\xc00\xc0+\xc0/\xcc\xa9\xcc\xa8\x00\x9f\x00\x9e\xcc\xaa\xc0\xaf\xc0\xad\xc0\xae\xc0\xac\xc0$\xc0(\xc0#\xc0\'\xc0\n\xc0\x14\xc0\t\xc0\x13\xc0\xa3\xc0\x9f\xc0\xa2\xc0\x9e\x00k\x00g\x009\x003\x00\x9d\x00\x9c\xc0\xa1\xc0\x9d\xc0\xa0\xc0\x9c\x00=\x00<\x005\x00/\x00\xff\x01\x00\x01]\x00\x00\x00\x13\x00\x11\x00\x00\x0ewww.google.com\x00\x0b\x00\x04\x03\x00\x01\x02\x00\n\x00\x16\x00\x14\x00\x1d\x00\x17\x00\x1e\x00\x19\x00\x18\x01\x00\x01\x01\x01\x02\x01\x03\x01\x04\x00\x10\x00\x0b\x00\t\x08http/1.1\x00\x16\x00\x00\x00\x17\x00\x00\x001\x00\x00\x00\r\x00*\x00(\x04\x03\x05\x03\x06\x03\x08\x07\x08\x08\x08\t\x08\n\x08\x0b\x08\x04\x08\x05\x08\x06\x04\x01\x05\x01\x06\x01\x03\x03\x03\x01\x03\x02\x04\x02\x05\x02\x06\x02\x00+\x00\t\x08\x03\x04\x03\x03\x03\x02\x03\x01\x00-\x00\x02\x01\x01\x003\x00&\x00$\x00\x1d\x00 \r\xb0\xf1\xe1R\xf3\xa4\xe2\t\x8c<\x87\xb7S\xd26N\t\x0b\xbb\x8e\xc6\x86\xd2\xc7\x16\x02;B\xb4\xbe\r\x00\x15\x00\x9a\x00\x00\x00\x00\x00\x00\x00\x00\x00\x00\x00\x00\x00\x00\x00\x00\x00\x00\x00\x00\x00\x00\x00\x00\x00\x00\x00\x00\x00\x00\x00\x00\x00\x00\x00\x00\x00\x00\x00\x00\x00\x00\x00\x00\x00\x00\x00\x00\x00\x00\x00\x00\x00\x00\x00\x00\x00\x00\x00\x00\x00\x00\x00\x00\x00\x00\x00\x00\x00\x00\x00\x00\x00\x00\x00\x00\x00\x00\x00\x00\x00\x00\x00\x00\x00\x00\x00\x00\x00\x00\x00\x00\x00\x00\x00\x00\x00\x00\x00\x00\x00\x00\x00\x00\x00\x00\x00\x00\x00\x00\x00\x00\x00\x00\x00\x00\x00\x00\x00\x00\x00\x00\x00\x00\x00\x00\x00\x00\x00\x00\x00\x00\x00\x00\x00\x00\x00\x00\x00\x00\x00\x00\x00\x00\x00\x00\x00\x00\x00\x00\x00\x00\x00\x00'"
"43","7bf314544d53","2023-12-23 23:42:29","34.117.186.192","443","b""\x16\x03\x01\x02\x00\x01\x00\x01\xfc\x03\x03\xccR~\xca\xa2\x18\xb3\x94*\xfb\xd3\xd8\x8e[6\x9b0dB\xb1\x83\xbf\x14\xd6\xdd\xcc\xf9\xd7s#!\x9e t\xd4\x80\xc0\\\xe0\xce\xf5b\x013\x08'\xc8\xd9[\x8f\x9a<\xa5\x0b\xd1\xb4\xceyg\x9e\xbfQx\x9dU\x00V\x13\x02\x13\x03\x13\x01\xc0,\xc00\xc0+\xc0/\xcc\xa9\xcc\xa8\x00\x9f\x00\x9e\xcc\xaa\xc0\xaf\xc0\xad\xc0\xae\xc0\xac\xc0$\xc0(\xc0#\xc0'\xc0\n\xc0\x14\xc0\t\xc0\x13\xc0\xa3\xc0\x9f\xc0\xa2\xc0\x9e\x00k\x00g\x009\x003\x00\x9d\x00\x9c\xc0\xa1\xc0\x9d\xc0\xa0\xc0\x9c\x00=\x00<\x005\x00/\x00\xff\x01\x00\x01]\x00\x00\x00\x0e\x00\x0c\x00\x00\tipinfo.io\x00\x0b\x00\x04\x03\x00\x01\x02\x00\n\x00\x16\x00\x14\x00\x1d\x00\x17\x00\x1e\x00\x19\x00\x18\x01\x00\x01\x01\x01\x02\x01\x03\x01\x04\x00\x10\x00\x0b\x00\t\x08http/1.1\x00\x16\x00\x00\x00\x17\x00\x00\x001\x00\x00\x00\r\x00*\x00(\x04\x03\x05\x03\x06\x03\x08\x07\x08\x08\x08\t\x08\n\x08\x0b\x08\x04\x08\x05\x08\x06\x04\x01\x05\x01\x06\x01\x03\x03\x03\x01\x03\x02\x04\x02\x05\x02\x06\x02\x00+\x00\t\x08\x03\x04\x03\x03\x03\x02\x03\x01\x00-\x00\x02\x01\x01\x003\x00&\x00$\x00\x1d\x00 9\x15\x8e\xa2\xd1#\xe9\x8e\xaaN\x06\xaf'\xa4\xd4\xa2\xc9\xe1\xe3\x80\x10\xd5\x15\xd0;\xf9\xc4\x1d-\xa6\xe0\x1a\x00\x15\x00\x9f\x00\x00\x00\x00\x00\x00\x00\x00\x00\x00\x00\x00\x00\x00\x00\x00\x00\x00\x00\x00\x00\x00\x00\x00\x00\x00\x00\x00\x00\x00\x00\x00\x00\x00\x00\x00\x00\x00\x00\x00\x00\x00\x00\x00\x00\x00\x00\x00\x00\x00\x00\x00\x00\x00\x00\x00\x00\x00\x00\x00\x00\x00\x00\x00\x00\x00\x00\x00\x00\x00\x00\x00\x00\x00\x00\x00\x00\x00\x00\x00\x00\x00\x00\x00\x00\x00\x00\x00\x00\x00\x00\x00\x00\x00\x00\x00\x00\x00\x00\x00\x00\x00\x00\x00\x00\x00\x00\x00\x00\x00\x00\x00\x00\x00\x00\x00\x00\x00\x00\x00\x00\x00\x00\x00\x00\x00\x00\x00\x00\x00\x00\x00\x00\x00\x00\x00\x00\x00\x00\x00\x00\x00\x00\x00\x00\x00\x00\x00\x00\x00\x00\x00\x00\x00\x00\x00\x00\x00\x00"""
"44","7c6595a3248a","2023-12-24 01:23:25","142.250.74.78","80","b'GET / HTTP/1.0\r\nHost: google.com\r\n\r\n'"
"45","7c6595a3248a","2023-12-24 01:23:25","2a00:1450:400f:802::200e","80","b'GET / HTTP/1.0\r\nHost: google.com\r\n\r\n'"
"46","7c6595a3248a","2023-12-24 01:23:26","74.6.143.26","80","b'GET / HTTP/1.0\r\nHost: yahoo.com\r\n\r\n'"
"47","7c6595a3248a","2023-12-24 01:23:26","2001:4998:124:1507::f001","80","b'GET / HTTP/1.0\r\nHost: yahoo.com\r\n\r\n'"
"48","7c6595a3248a","2023-12-24 01:23:26","5.255.255.77","80","b'GET / HTTP/1.0\r\nHost: yandex.ru\r\n\r\n'"
"49","7c6595a3248a","2023-12-24 01:23:26","2001:4998:24:120d::1:0","80","b'GET / HTTP/1.0\r\nHost: yandex.ru\r\n\r\n'"
"50","7e99211524cb","2023-12-24 03:22:16","142.250.186.196","443","b'\x16\x03\x01\x02\x00\x01\x00\x01\xfc\x03\x03\xfb\xe9""\xf9,\x01.\x1f:\xccm\xf8\x0f+\xc1\xeccHb\xd6F\x8fV\xff(\xcc}\xea+(\xed\xc7 \xec\xcc\xb1\xc4%l\x10\x94?Ya\x81e\xd5\x16`sq\xe9\x0bKP\nk\x83\x1c%\x9f\x06]O\x0f\x00V\x13\x02\x13\x03\x13\x01\xc0,\xc00\xc0+\xc0/\xcc\xa9\xcc\xa8\x00\x9f\x00\x9e\xcc\xaa\xc0\xaf\xc0\xad\xc0\xae\xc0\xac\xc0$\xc0(\xc0#\xc0\'\xc0\n\xc0\x14\xc0\t\xc0\x13\xc0\xa3\xc0\x9f\xc0\xa2\xc0\x9e\x00k\x00g\x009\x003\x00\x9d\x00\x9c\xc0\xa1\xc0\x9d\xc0\xa0\xc0\x9c\x00=\x00<\x005\x00/\x00\xff\x01\x00\x01]\x00\x00\x00\x13\x00\x11\x00\x00\x0ewww.google.com\x00\x0b\x00\x04\x03\x00\x01\x02\x00\n\x00\x0c\x00\n\x00\x1d\x00\x17\x00\x1e\x00\x19\x00\x18\x00\x10\x00\x0b\x00\t\x08http/1.1\x00\x16\x00\x00\x00\x17\x00\x00\x001\x00\x00\x00\r\x00*\x00(\x04\x03\x05\x03\x06\x03\x08\x07\x08\x08\x08\t\x08\n\x08\x0b\x08\x04\x08\x05\x08\x06\x04\x01\x05\x01\x06\x01\x03\x03\x03\x01\x03\x02\x04\x02\x05\x02\x06\x02\x00+\x00\x05\x04\x03\x04\x03\x03\x00-\x00\x02\x01\x01\x003\x00&\x00$\x00\x1d\x00 \x18\x85\x0c(P`m%\xa3\r\x9ad\xa0\xa5\x11\x1cC\xe1\xfd\x04T\x03\xb4\xae\x0e\x88\xdf\x95\xa1i\xaf\x11\x00\x15\x00\xa8\x00\x00\x00\x00\x00\x00\x00\x00\x00\x00\x00\x00\x00\x00\x00\x00\x00\x00\x00\x00\x00\x00\x00\x00\x00\x00\x00\x00\x00\x00\x00\x00\x00\x00\x00\x00\x00\x00\x00\x00\x00\x00\x00\x00\x00\x00\x00\x00\x00\x00\x00\x00\x00\x00\x00\x00\x00\x00\x00\x00\x00\x00\x00\x00\x00\x00\x00\x00\x00\x00\x00\x00\x00\x00\x00\x00\x00\x00\x00\x00\x00\x00\x00\x00\x00\x00\x00\x00\x00\x00\x00\x00\x00\x00\x00\x00\x00\x00\x00\x00\x00\x00\x00\x00\x00\x00\x00\x00\x00\x00\x00\x00\x00\x00\x00\x00\x00\x00\x00\x00\x00\x00\x00\x00\x00\x00\x00\x00\x00\x00\x00\x00\x00\x00\x00\x00\x00\x00\x00\x00\x00\x00\x00\x00\x00\x00\x00\x00\x00\x00\x00\x00\x00\x00\x00\x00\x00\x00\x00\x00\x00\x00\x00\x00\x00\x00\x00\x00'"
"51","7e99211524cb","2023-12-24 03:22:16","34.117.186.192","443","b""\x16\x03\x01\x02\x00\x01\x00\x01\xfc\x03\x03\xf4kd\xf6\xb7=\xa9\xe9x^\xa7\xf0\xee\xcb9\x97\xf0\xe6Z\xc2\x94\xc3!<o\x94\x1f\xef\xe1\x02i\xfb Pw?\x1d\t\x05\x19\x11)P\xdb\xbb\xef\xd9\xd4\xd4^\xa4\xc7\x05\xfb*~\xd2\xd3\xfd0\xe1\x92{\xf5\x9e\x00V\x13\x02\x13\x03\x13\x01\xc0,\xc00\xc0+\xc0/\xcc\xa9\xcc\xa8\x00\x9f\x00\x9e\xcc\xaa\xc0\xaf\xc0\xad\xc0\xae\xc0\xac\xc0$\xc0(\xc0#\xc0'\xc0\n\xc0\x14\xc0\t\xc0\x13\xc0\xa3\xc0\x9f\xc0\xa2\xc0\x9e\x00k\x00g\x009\x003\x00\x9d\x00\x9c\xc0\xa1\xc0\x9d\xc0\xa0\xc0\x9c\x00=\x00<\x005\x00/\x00\xff\x01\x00\x01]\x00\x00\x00\x0e\x00\x0c\x00\x00\tipinfo.io\x00\x0b\x00\x04\x03\x00\x01\x02\x00\n\x00\x0c\x00\n\x00\x1d\x00\x17\x00\x1e\x00\x19\x00\x18\x00\x10\x00\x0b\x00\t\x08http/1.1\x00\x16\x00\x00\x00\x17\x00\x00\x001\x00\x00\x00\r\x00*\x00(\x04\x03\x05\x03\x06\x03\x08\x07\x08\x08\x08\t\x08\n\x08\x0b\x08\x04\x08\x05\x08\x06\x04\x01\x05\x01\x06\x01\x03\x03\x03\x01\x03\x02\x04\x02\x05\x02\x06\x02\x00+\x00\x05\x04\x03\x04\x03\x03\x00-\x00\x02\x01\x01\x003\x00&\x00$\x00\x1d\x00 9\x98C\x9b\x9f\x88\xbd\xee\x9b\xcb\xb9\xf0\x84l\x14\xfc\xadr\xeb>;q\xe6\xf7\xa9\xda\xe0\xd4\xba\x0c\xf6T\x00\x15\x00\xad\x00\x00\x00\x00\x00\x00\x00\x00\x00\x00\x00\x00\x00\x00\x00\x00\x00\x00\x00\x00\x00\x00\x00\x00\x00\x00\x00\x00\x00\x00\x00\x00\x00\x00\x00\x00\x00\x00\x00\x00\x00\x00\x00\x00\x00\x00\x00\x00\x00\x00\x00\x00\x00\x00\x00\x00\x00\x00\x00\x00\x00\x00\x00\x00\x00\x00\x00\x00\x00\x00\x00\x00\x00\x00\x00\x00\x00\x00\x00\x00\x00\x00\x00\x00\x00\x00\x00\x00\x00\x00\x00\x00\x00\x00\x00\x00\x00\x00\x00\x00\x00\x00\x00\x00\x00\x00\x00\x00\x00\x00\x00\x00\x00\x00\x00\x00\x00\x00\x00\x00\x00\x00\x00\x00\x00\x00\x00\x00\x00\x00\x00\x00\x00\x00\x00\x00\x00\x00\x00\x00\x00\x00\x00\x00\x00\x00\x00\x00\x00\x00\x00\x00\x00\x00\x00\x00\x00\x00\x00\x00\x00\x00\x00\x00\x00\x00\x00\x00\x00\x00\x00\x00\x00"""
"52","b31314afbfd1","2023-12-24 06:09:49","142.250.186.196","443","b""\x16\x03\x01\x02\x00\x01\x00\x01\xfc\x03\x035\xc8\xe7\xf8\x80\x8f\xb5\xa3\xe2V\xa9\xf5\xf5A\xc7\x8a\x93\xfb\r\xacPV\x16\xc8\x1f\x04'\xb3\x99\x9e\xc8\xd8 \xaa\xfa?H\xbd\x17 z\xd4\xa6|\x12\xf1\xa3\xfe\x1c\xfb\xf8ol*\xbc\xe1\xca\xeb\x9eR\x8fe\x855N\x00V\x13\x02\x13\x03\x13\x01\xc0,\xc00\xc0+\xc0/\xcc\xa9\xcc\xa8\x00\x9f\x00\x9e\xcc\xaa\xc0\xaf\xc0\xad\xc0\xae\xc0\xac\xc0$\xc0(\xc0#\xc0'\xc0\n\xc0\x14\xc0\t\xc0\x13\xc0\xa3\xc0\x9f\xc0\xa2\xc0\x9e\x00k\x00g\x009\x003\x00\x9d\x00\x9c\xc0\xa1\xc0\x9d\xc0\xa0\xc0\x9c\x00=\x00<\x005\x00/\x00\xff\x01\x00\x01]\x00\x00\x00\x13\x00\x11\x00\x00\x0ewww.google.com\x00\x0b\x00\x04\x03\x00\x01\x02\x00\n\x00\x0c\x00\n\x00\x1d\x00\x17\x00\x1e\x00\x19\x00\x18\x00\x10\x00\x0b\x00\t\x08http/1.1\x00\x16\x00\x00\x00\x17\x00\x00\x001\x00\x00\x00\r\x00*\x00(\x04\x03\x05\x03\x06\x03\x08\x07\x08\x08\x08\t\x08\n\x08\x0b\x08\x04\x08\x05\x08\x06\x04\x01\x05\x01\x06\x01\x03\x03\x03\x01\x03\x02\x04\x02\x05\x02\x06\x02\x00+\x00\x05\x04\x03\x04\x03\x03\x00-\x00\x02\x01\x01\x003\x00&\x00$\x00\x1d\x00 \xa4\x81\xc1\xf1o\xd3k_\xe1\x08\x8ec\xb2\xc9!\xbbE\xcc\x00\x9aGe\xfe\x0f\x14\x88\x1e\xd9\xd4Fw>\x00\x15\x00\xa8\x00\x00\x00\x00\x00\x00\x00\x00\x00\x00\x00\x00\x00\x00\x00\x00\x00\x00\x00\x00\x00\x00\x00\x00\x00\x00\x00\x00\x00\x00\x00\x00\x00\x00\x00\x00\x00\x00\x00\x00\x00\x00\x00\x00\x00\x00\x00\x00\x00\x00\x00\x00\x00\x00\x00\x00\x00\x00\x00\x00\x00\x00\x00\x00\x00\x00\x00\x00\x00\x00\x00\x00\x00\x00\x00\x00\x00\x00\x00\x00\x00\x00\x00\x00\x00\x00\x00\x00\x00\x00\x00\x00\x00\x00\x00\x00\x00\x00\x00\x00\x00\x00\x00\x00\x00\x00\x00\x00\x00\x00\x00\x00\x00\x00\x00\x00\x00\x00\x00\x00\x00\x00\x00\x00\x00\x00\x00\x00\x00\x00\x00\x00\x00\x00\x00\x00\x00\x00\x00\x00\x00\x00\x00\x00\x00\x00\x00\x00\x00\x00\x00\x00\x00\x00\x00\x00\x00\x00\x00\x00\x00\x00\x00\x00\x00\x00\x00\x00"""
"53","b31314afbfd1","2023-12-24 06:09:49","34.117.186.192","443","b""\x16\x03\x01\x02\x00\x01\x00\x01\xfc\x03\x03z\xa6\x94nE\xc1j\x16\xc7Wp\xc9$\xf2[K\xb3i\xea,\xdf/\xca\xcc\x93\x89~\x14\xde^\xf0\xb3 \xcc\xab\xf7y\x14\xb1&\x99\xe6\x12`a\x87\xfeW\x07!XZi\xe4sR\xc9\x9f\xcd\x9d#\x8a\xab\x0c\x00\x00V\x13\x02\x13\x03\x13\x01\xc0,\xc00\xc0+\xc0/\xcc\xa9\xcc\xa8\x00\x9f\x00\x9e\xcc\xaa\xc0\xaf\xc0\xad\xc0\xae\xc0\xac\xc0$\xc0(\xc0#\xc0'\xc0\n\xc0\x14\xc0\t\xc0\x13\xc0\xa3\xc0\x9f\xc0\xa2\xc0\x9e\x00k\x00g\x009\x003\x00\x9d\x00\x9c\xc0\xa1\xc0\x9d\xc0\xa0\xc0\x9c\x00=\x00<\x005\x00/\x00\xff\x01\x00\x01]\x00\x00\x00\x0e\x00\x0c\x00\x00\tipinfo.io\x00\x0b\x00\x04\x03\x00\x01\x02\x00\n\x00\x0c\x00\n\x00\x1d\x00\x17\x00\x1e\x00\x19\x00\x18\x00\x10\x00\x0b\x00\t\x08http/1.1\x00\x16\x00\x00\x00\x17\x00\x00\x001\x00\x00\x00\r\x00*\x00(\x04\x03\x05\x03\x06\x03\x08\x07\x08\x08\x08\t\x08\n\x08\x0b\x08\x04\x08\x05\x08\x06\x04\x01\x05\x01\x06\x01\x03\x03\x03\x01\x03\x02\x04\x02\x05\x02\x06\x02\x00+\x00\x05\x04\x03\x04\x03\x03\x00-\x00\x02\x01\x01\x003\x00&\x00$\x00\x1d\x00 xh\xa1\xb0\x95\xefio\xf57\xc2\x1c\x85\x1c\xfe\xec\xfd T\xed+\xab#\xa7%\xb7L\xb6,a[\x0b\x00\x15\x00\xad\x00\x00\x00\x00\x00\x00\x00\x00\x00\x00\x00\x00\x00\x00\x00\x00\x00\x00\x00\x00\x00\x00\x00\x00\x00\x00\x00\x00\x00\x00\x00\x00\x00\x00\x00\x00\x00\x00\x00\x00\x00\x00\x00\x00\x00\x00\x00\x00\x00\x00\x00\x00\x00\x00\x00\x00\x00\x00\x00\x00\x00\x00\x00\x00\x00\x00\x00\x00\x00\x00\x00\x00\x00\x00\x00\x00\x00\x00\x00\x00\x00\x00\x00\x00\x00\x00\x00\x00\x00\x00\x00\x00\x00\x00\x00\x00\x00\x00\x00\x00\x00\x00\x00\x00\x00\x00\x00\x00\x00\x00\x00\x00\x00\x00\x00\x00\x00\x00\x00\x00\x00\x00\x00\x00\x00\x00\x00\x00\x00\x00\x00\x00\x00\x00\x00\x00\x00\x00\x00\x00\x00\x00\x00\x00\x00\x00\x00\x00\x00\x00\x00\x00\x00\x00\x00\x00\x00\x00\x00\x00\x00\x00\x00\x00\x00\x00\x00\x00\x00\x00\x00\x00\x00"""
"54","9e95a9833f0f","2023-12-24 07:54:18","142.250.74.78","80","b'GET / HTTP/1.0\r\nHost: google.com\r\n\r\n'"
"55","9e95a9833f0f","2023-12-24 07:54:18","2a00:1450:400f:802::200e","80","b'GET / HTTP/1.0\r\nHost: google.com\r\n\r\n'"
"56","9e95a9833f0f","2023-12-24 07:54:18","74.6.231.20","80","b'GET / HTTP/1.0\r\nHost: yahoo.com\r\n\r\n'"
"57","9e95a9833f0f","2023-12-24 07:54:19","2001:4998:44:3507::8000","80","b'GET / HTTP/1.0\r\nHost: yahoo.com\r\n\r\n'"
"58","9e95a9833f0f","2023-12-24 07:54:19","98.137.11.164","80","b'GET / HTTP/1.0\r\nHost: yandex.ru\r\n\r\n'"
"59","9e95a9833f0f","2023-12-24 07:54:19","2001:4998:24:120d::1:1","80","b'GET / HTTP/1.0\r\nHost: yandex.ru\r\n\r\n'"
"60","c81cd8c738f3","2023-12-24 08:26:02","142.250.74.78","80","b'GET / HTTP/1.0\r\nHost: google.com\r\n\r\n'"
"61","c81cd8c738f3","2023-12-24 08:26:02","2a00:1450:400f:802::200e","80","b'GET / HTTP/1.0\r\nHost: google.com\r\n\r\n'"
"62","c81cd8c738f3","2023-12-24 08:26:02","142.250.74.78","80","b'GET / HTTP/1.0\r\nHost: yahoo.com\r\n\r\n'"
"63","c81cd8c738f3","2023-12-24 08:26:02","2001:4998:44:3507::8000","80","b'GET / HTTP/1.0\r\nHost: yahoo.com\r\n\r\n'"
"64","c81cd8c738f3","2023-12-24 08:26:03","98.137.11.163","80","b'GET / HTTP/1.0\r\nHost: yandex.ru\r\n\r\n'"
"65","c81cd8c738f3","2023-12-24 08:26:03","2001:4998:44:3507::8001","80","b'GET / HTTP/1.0\r\nHost: yandex.ru\r\n\r\n'"
"66","69e2db5cbdd7","2023-12-24 09:51:05","142.250.186.196","443","b""\x16\x03\x01\x02\x00\x01\x00\x01\xfc\x03\x03\x8fY\xae!g\x94X \xc9i\xb7\xe7\x18\xf0\x97\xb52_\xec\xf5\x83W\xc3\x8aS\xe3\xcbO\x00J\x0cM Uv\xcfc\x81!#*\x15\xff\xffa\xb2i\xfc\x9c&\x8b\xeb`\xef\xb1f\x00\x9ai`\x02\xb7S\xb7\xce\x00V\x13\x02\x13\x03\x13\x01\xc0,\xc00\xc0+\xc0/\xcc\xa9\xcc\xa8\x00\x9f\x00\x9e\xcc\xaa\xc0\xaf\xc0\xad\xc0\xae\xc0\xac\xc0$\xc0(\xc0#\xc0'\xc0\n\xc0\x14\xc0\t\xc0\x13\xc0\xa3\xc0\x9f\xc0\xa2\xc0\x9e\x00k\x00g\x009\x003\x00\x9d\x00\x9c\xc0\xa1\xc0\x9d\xc0\xa0\xc0\x9c\x00=\x00<\x005\x00/\x00\xff\x01\x00\x01]\x00\x00\x00\x13\x00\x11\x00\x00\x0ewww.google.com\x00\x0b\x00\x04\x03\x00\x01\x02\x00\n\x00\x0c\x00\n\x00\x1d\x00\x17\x00\x1e\x00\x19\x00\x18\x00\x10\x00\x0b\x00\t\x08http/1.1\x00\x16\x00\x00\x00\x17\x00\x00\x001\x00\x00\x00\r\x00*\x00(\x04\x03\x05\x03\x06\x03\x08\x07\x08\x08\x08\t\x08\n\x08\x0b\x08\x04\x08\x05\x08\x06\x04\x01\x05\x01\x06\x01\x03\x03\x03\x01\x03\x02\x04\x02\x05\x02\x06\x02\x00+\x00\x05\x04\x03\x04\x03\x03\x00-\x00\x02\x01\x01\x003\x00&\x00$\x00\x1d\x00 PW\xe1\xe7)#\xb103\xbd&\xb9j\xc5\x87\x01\xa2YQ h\xa9iH)\xef}9\xb2\xc5\xb2X\x00\x15\x00\xa8\x00\x00\x00\x00\x00\x00\x00\x00\x00\x00\x00\x00\x00\x00\x00\x00\x00\x00\x00\x00\x00\x00\x00\x00\x00\x00\x00\x00\x00\x00\x00\x00\x00\x00\x00\x00\x00\x00\x00\x00\x00\x00\x00\x00\x00\x00\x00\x00\x00\x00\x00\x00\x00\x00\x00\x00\x00\x00\x00\x00\x00\x00\x00\x00\x00\x00\x00\x00\x00\x00\x00\x00\x00\x00\x00\x00\x00\x00\x00\x00\x00\x00\x00\x00\x00\x00\x00\x00\x00\x00\x00\x00\x00\x00\x00\x00\x00\x00\x00\x00\x00\x00\x00\x00\x00\x00\x00\x00\x00\x00\x00\x00\x00\x00\x00\x00\x00\x00\x00\x00\x00\x00\x00\x00\x00\x00\x00\x00\x00\x00\x00\x00\x00\x00\x00\x00\x00\x00\x00\x00\x00\x00\x00\x00\x00\x00\x00\x00\x00\x00\x00\x00\x00\x00\x00\x00\x00\x00\x00\x00\x00\x00\x00\x00\x00\x00\x00\x00"""
"67","69e2db5cbdd7","2023-12-24 09:51:06","34.117.186.192","443","b""\x16\x03\x01\x02\x00\x01\x00\x01\xfc\x03\x03%P\\\x1e\x0b\x18\xeei1\xbfI\x8e\x13u4\xa7\x191jT\xa7\xb0\xa4\xc98\xe2\xb44p\xa4f\xb1 \x9d\xe3\xd8G\xdf\x1f\x19:\x0f\xfa\xf8hO\xa57\x04a:[\xa1\x7fES\xe4)K\xda1\x86\x15\xfa\xe4\x00V\x13\x02\x13\x03\x13\x01\xc0,\xc00\xc0+\xc0/\xcc\xa9\xcc\xa8\x00\x9f\x00\x9e\xcc\xaa\xc0\xaf\xc0\xad\xc0\xae\xc0\xac\xc0$\xc0(\xc0#\xc0'\xc0\n\xc0\x14\xc0\t\xc0\x13\xc0\xa3\xc0\x9f\xc0\xa2\xc0\x9e\x00k\x00g\x009\x003\x00\x9d\x00\x9c\xc0\xa1\xc0\x9d\xc0\xa0\xc0\x9c\x00=\x00<\x005\x00/\x00\xff\x01\x00\x01]\x00\x00\x00\x0e\x00\x0c\x00\x00\tipinfo.io\x00\x0b\x00\x04\x03\x00\x01\x02\x00\n\x00\x0c\x00\n\x00\x1d\x00\x17\x00\x1e\x00\x19\x00\x18\x00\x10\x00\x0b\x00\t\x08http/1.1\x00\x16\x00\x00\x00\x17\x00\x00\x001\x00\x00\x00\r\x00*\x00(\x04\x03\x05\x03\x06\x03\x08\x07\x08\x08\x08\t\x08\n\x08\x0b\x08\x04\x08\x05\x08\x06\x04\x01\x05\x01\x06\x01\x03\x03\x03\x01\x03\x02\x04\x02\x05\x02\x06\x02\x00+\x00\x05\x04\x03\x04\x03\x03\x00-\x00\x02\x01\x01\x003\x00&\x00$\x00\x1d\x00 &\r4j*8i\xcb\xa1\xe5\xa8\xef\xabD\xa8\x98\x03n\x8fn\xa3\x1aX\xf0\x17:U\xbc\x19l-\x13\x00\x15\x00\xad\x00\x00\x00\x00\x00\x00\x00\x00\x00\x00\x00\x00\x00\x00\x00\x00\x00\x00\x00\x00\x00\x00\x00\x00\x00\x00\x00\x00\x00\x00\x00\x00\x00\x00\x00\x00\x00\x00\x00\x00\x00\x00\x00\x00\x00\x00\x00\x00\x00\x00\x00\x00\x00\x00\x00\x00\x00\x00\x00\x00\x00\x00\x00\x00\x00\x00\x00\x00\x00\x00\x00\x00\x00\x00\x00\x00\x00\x00\x00\x00\x00\x00\x00\x00\x00\x00\x00\x00\x00\x00\x00\x00\x00\x00\x00\x00\x00\x00\x00\x00\x00\x00\x00\x00\x00\x00\x00\x00\x00\x00\x00\x00\x00\x00\x00\x00\x00\x00\x00\x00\x00\x00\x00\x00\x00\x00\x00\x00\x00\x00\x00\x00\x00\x00\x00\x00\x00\x00\x00\x00\x00\x00\x00\x00\x00\x00\x00\x00\x00\x00\x00\x00\x00\x00\x00\x00\x00\x00\x00\x00\x00\x00\x00\x00\x00\x00\x00\x00\x00\x00\x00\x00\x00"""
"68","dcb27cfc9972","2023-12-24 12:37:10","142.250.186.196","443","b'\x16\x03\x01\x02\x00\x01\x00\x01\xfc\x03\x03y\x039a\xd1\xdb\x9f\tkQ!\xdfn\xde-\xc0y\x14\xe4\xf4\xd1\xab\xfb#\xd9\x98M\x05\xc4:\xb1z .\xdc\xff\xf6nS/\x00\t\x81\xa4\xc6\xa9V\xe6\xa1\xfb\xf5\xbf\xf7D/e\x94x\xd6E\x0e\xed\xf4\x0fc\x00V\x13\x02\x13\x03\x13\x01\xc0,\xc00\xc0+\xc0/\xcc\xa9\xcc\xa8\x00\x9f\x00\x9e\xcc\xaa\xc0\xaf\xc0\xad\xc0\xae\xc0\xac\xc0$\xc0(\xc0#\xc0\'\xc0\n\xc0\x14\xc0\t\xc0\x13\xc0\xa3\xc0\x9f\xc0\xa2\xc0\x9e\x00k\x00g\x009\x003\x00\x9d\x00\x9c\xc0\xa1\xc0\x9d\xc0\xa0\xc0\x9c\x00=\x00<\x005\x00/\x00\xff\x01\x00\x01]\x00\x00\x00\x13\x00\x11\x00\x00\x0ewww.google.com\x00\x0b\x00\x04\x03\x00\x01\x02\x00\n\x00\x0c\x00\n\x00\x1d\x00\x17\x00\x1e\x00\x19\x00\x18\x00\x10\x00\x0b\x00\t\x08http/1.1\x00\x16\x00\x00\x00\x17\x00\x00\x001\x00\x00\x00\r\x00*\x00(\x04\x03\x05\x03\x06\x03\x08\x07\x08\x08\x08\t\x08\n\x08\x0b\x08\x04\x08\x05\x08\x06\x04\x01\x05\x01\x06\x01\x03\x03\x03\x01\x03\x02\x04\x02\x05\x02\x06\x02\x00+\x00\x05\x04\x03\x04\x03\x03\x00-\x00\x02\x01\x01\x003\x00&\x00$\x00\x1d\x00 \x9d\x05^vA\x97\x9f\xa3\xc4\xef\x0b\xb7\xe5\xe0@\x97\xd4@\xb6\xcc\xadC\x0e\xd9)O""\xd1\xe3\xed\xc5\x06\x00\x15\x00\xa8\x00\x00\x00\x00\x00\x00\x00\x00\x00\x00\x00\x00\x00\x00\x00\x00\x00\x00\x00\x00\x00\x00\x00\x00\x00\x00\x00\x00\x00\x00\x00\x00\x00\x00\x00\x00\x00\x00\x00\x00\x00\x00\x00\x00\x00\x00\x00\x00\x00\x00\x00\x00\x00\x00\x00\x00\x00\x00\x00\x00\x00\x00\x00\x00\x00\x00\x00\x00\x00\x00\x00\x00\x00\x00\x00\x00\x00\x00\x00\x00\x00\x00\x00\x00\x00\x00\x00\x00\x00\x00\x00\x00\x00\x00\x00\x00\x00\x00\x00\x00\x00\x00\x00\x00\x00\x00\x00\x00\x00\x00\x00\x00\x00\x00\x00\x00\x00\x00\x00\x00\x00\x00\x00\x00\x00\x00\x00\x00\x00\x00\x00\x00\x00\x00\x00\x00\x00\x00\x00\x00\x00\x00\x00\x00\x00\x00\x00\x00\x00\x00\x00\x00\x00\x00\x00\x00\x00\x00\x00\x00\x00\x00\x00\x00\x00\x00\x00\x00'"
"69","dcb27cfc9972","2023-12-24 12:37:10","34.117.186.192","443","b""\x16\x03\x01\x02\x00\x01\x00\x01\xfc\x03\x03HC\xbd\xc5R;\x1f\xf8eJ\xd5\xf3\xdai\x97'\xd7c1\xf3\x7f\x8a\xd3\xbf\xb8\xd2\xb5\xb6m+U\xd1 \xc2)\xfb\xa3I\x1bE<\xf4\xc0\x8d\xf7\x95s\x82\x0e\xb5\x96\xa9\x92Q\x11\xf0\xe7\xd9\xb6\xb2\xc28Y\xcc_\x00V\x13\x02\x13\x03\x13\x01\xc0,\xc00\xc0+\xc0/\xcc\xa9\xcc\xa8\x00\x9f\x00\x9e\xcc\xaa\xc0\xaf\xc0\xad\xc0\xae\xc0\xac\xc0$\xc0(\xc0#\xc0'\xc0\n\xc0\x14\xc0\t\xc0\x13\xc0\xa3\xc0\x9f\xc0\xa2\xc0\x9e\x00k\x00g\x009\x003\x00\x9d\x00\x9c\xc0\xa1\xc0\x9d\xc0\xa0\xc0\x9c\x00=\x00<\x005\x00/\x00\xff\x01\x00\x01]\x00\x00\x00\x0e\x00\x0c\x00\x00\tipinfo.io\x00\x0b\x00\x04\x03\x00\x01\x02\x00\n\x00\x0c\x00\n\x00\x1d\x00\x17\x00\x1e\x00\x19\x00\x18\x00\x10\x00\x0b\x00\t\x08http/1.1\x00\x16\x00\x00\x00\x17\x00\x00\x001\x00\x00\x00\r\x00*\x00(\x04\x03\x05\x03\x06\x03\x08\x07\x08\x08\x08\t\x08\n\x08\x0b\x08\x04\x08\x05\x08\x06\x04\x01\x05\x01\x06\x01\x03\x03\x03\x01\x03\x02\x04\x02\x05\x02\x06\x02\x00+\x00\x05\x04\x03\x04\x03\x03\x00-\x00\x02\x01\x01\x003\x00&\x00$\x00\x1d\x00 \xfa\xc4\xf4\xa1\xf7\xf4\x1d\xce\xe8\xa6Y#\xd5\x0b\x1b\xcfLp'\x87\xb8\xa9\xa7\t\xcc\xcfRo\x0b\xe5\xf02\x00\x15\x00\xad\x00\x00\x00\x00\x00\x00\x00\x00\x00\x00\x00\x00\x00\x00\x00\x00\x00\x00\x00\x00\x00\x00\x00\x00\x00\x00\x00\x00\x00\x00\x00\x00\x00\x00\x00\x00\x00\x00\x00\x00\x00\x00\x00\x00\x00\x00\x00\x00\x00\x00\x00\x00\x00\x00\x00\x00\x00\x00\x00\x00\x00\x00\x00\x00\x00\x00\x00\x00\x00\x00\x00\x00\x00\x00\x00\x00\x00\x00\x00\x00\x00\x00\x00\x00\x00\x00\x00\x00\x00\x00\x00\x00\x00\x00\x00\x00\x00\x00\x00\x00\x00\x00\x00\x00\x00\x00\x00\x00\x00\x00\x00\x00\x00\x00\x00\x00\x00\x00\x00\x00\x00\x00\x00\x00\x00\x00\x00\x00\x00\x00\x00\x00\x00\x00\x00\x00\x00\x00\x00\x00\x00\x00\x00\x00\x00\x00\x00\x00\x00\x00\x00\x00\x00\x00\x00\x00\x00\x00\x00\x00\x00\x00\x00\x00\x00\x00\x00\x00\x00\x00\x00\x00\x00"""
"70","33f23fe0352b","2023-12-24 14:13:17","142.250.74.78","80","b'GET / HTTP/1.0\r\nHost: google.com\r\n\r\n'"
"71","33f23fe0352b","2023-12-24 14:13:17","2a00:1450:400f:802::200e","80","b'GET / HTTP/1.0\r\nHost: google.com\r\n\r\n'"
"72","33f23fe0352b","2023-12-24 14:13:17","74.6.231.20","80","b'GET / HTTP/1.0\r\nHost: yahoo.com\r\n\r\n'"
"73","33f23fe0352b","2023-12-24 14:13:18","2a00:1450:400f:802::200e","80","b'GET / HTTP/1.0\r\nHost: yahoo.com\r\n\r\n'"
"74","33f23fe0352b","2023-12-24 14:13:18","98.137.11.163","80","b'GET / HTTP/1.0\r\nHost: yandex.ru\r\n\r\n'"
"75","33f23fe0352b","2023-12-24 14:13:18","2a02:6b8:a::a","80","b'GET / HTTP/1.0\r\nHost: yandex.ru\r\n\r\n'"
"76","fa574c41c45c","2023-12-24 14:56:56","142.250.74.78","80","b'GET / HTTP/1.0\r\nHost: google.com\r\n\r\n'"
"77","fa574c41c45c","2023-12-24 14:56:57","2a00:1450:400f:802::200e","80","b'GET / HTTP/1.0\r\nHost: google.com\r\n\r\n'"
"78","fa574c41c45c","2023-12-24 14:56:57","74.6.231.21","80","b'GET / HTTP/1.0\r\nHost: yahoo.com\r\n\r\n'"
"79","fa574c41c45c","2023-12-24 14:56:57","2001:4998:124:1507::f001","80","b'GET / HTTP/1.0\r\nHost: yahoo.com\r\n\r\n'"
"80","fa574c41c45c","2023-12-24 14:56:57","98.137.11.164","80","b'GET / HTTP/1.0\r\nHost: yandex.ru\r\n\r\n'"
"81","fa574c41c45c","2023-12-24 14:56:58","2001:4998:124:1507::f001","80","b'GET / HTTP/1.0\r\nHost: yandex.ru\r\n\r\n'"
"82","41aea1ff8efa","2023-12-24 16:17:15","142.250.186.196","443","b'\x16\x03\x01\x02\x00\x01\x00\x01\xfc\x03\x03\x85\x0e\xceP<=\xba\xe3\xca\xba\xaf\xd8\xfa\x1cz9\xc9\x0eze\x800+\xf6\xd1\xb4i@\\M\x17\x8b \xf2\xb0>\xb6\xf1\xd8\xe4\xdf\x98\xd2\xef\xa7A\x96\xdf\xf0h\xdeh""\xe8\x0e\xb9\x05\x9b\xefH\x14\xf0\xadd\x9c\x00V\x13\x02\x13\x03\x13\x01\xc0,\xc00\xc0+\xc0/\xcc\xa9\xcc\xa8\x00\x9f\x00\x9e\xcc\xaa\xc0\xaf\xc0\xad\xc0\xae\xc0\xac\xc0$\xc0(\xc0#\xc0\'\xc0\n\xc0\x14\xc0\t\xc0\x13\xc0\xa3\xc0\x9f\xc0\xa2\xc0\x9e\x00k\x00g\x009\x003\x00\x9d\x00\x9c\xc0\xa1\xc0\x9d\xc0\xa0\xc0\x9c\x00=\x00<\x005\x00/\x00\xff\x01\x00\x01]\x00\x00\x00\x13\x00\x11\x00\x00\x0ewww.google.com\x00\x0b\x00\x04\x03\x00\x01\x02\x00\n\x00\x0c\x00\n\x00\x1d\x00\x17\x00\x1e\x00\x19\x00\x18\x00\x10\x00\x0b\x00\t\x08http/1.1\x00\x16\x00\x00\x00\x17\x00\x00\x001\x00\x00\x00\r\x00*\x00(\x04\x03\x05\x03\x06\x03\x08\x07\x08\x08\x08\t\x08\n\x08\x0b\x08\x04\x08\x05\x08\x06\x04\x01\x05\x01\x06\x01\x03\x03\x03\x01\x03\x02\x04\x02\x05\x02\x06\x02\x00+\x00\x05\x04\x03\x04\x03\x03\x00-\x00\x02\x01\x01\x003\x00&\x00$\x00\x1d\x00 9\x7f9\x0e\t\xf6\xb9\xef\xa1.\'\xce\x9dh\xd1\xf1\xa2\x057\xd5\xd5\x7fN\x05\x0f\x85\x8aEZ\x12\x14)\x00\x15\x00\xa8\x00\x00\x00\x00\x00\x00\x00\x00\x00\x00\x00\x00\x00\x00\x00\x00\x00\x00\x00\x00\x00\x00\x00\x00\x00\x00\x00\x00\x00\x00\x00\x00\x00\x00\x00\x00\x00\x00\x00\x00\x00\x00\x00\x00\x00\x00\x00\x00\x00\x00\x00\x00\x00\x00\x00\x00\x00\x00\x00\x00\x00\x00\x00\x00\x00\x00\x00\x00\x00\x00\x00\x00\x00\x00\x00\x00\x00\x00\x00\x00\x00\x00\x00\x00\x00\x00\x00\x00\x00\x00\x00\x00\x00\x00\x00\x00\x00\x00\x00\x00\x00\x00\x00\x00\x00\x00\x00\x00\x00\x00\x00\x00\x00\x00\x00\x00\x00\x00\x00\x00\x00\x00\x00\x00\x00\x00\x00\x00\x00\x00\x00\x00\x00\x00\x00\x00\x00\x00\x00\x00\x00\x00\x00\x00\x00\x00\x00\x00\x00\x00\x00\x00\x00\x00\x00\x00\x00\x00\x00\x00\x00\x00\x00\x00\x00\x00\x00\x00'"
"83","41aea1ff8efa","2023-12-24 16:17:15","34.117.186.192","443","b""\x16\x03\x01\x02\x00\x01\x00\x01\xfc\x03\x03\xcb8I\xfag\xab\xb3\xfc\x00\x8a\x85\xa5Syh\xe2\xbe\x9e\x05\xfa\x01\xae]\xf4\xc2\xcc\xec\x83\xb3\xadB\xf7 \x1d\x03\xba*\xb5\xa4+\x98\xf4\xe3/j\xf4\xcf[c\xb3\xd5U\x03\x0e\x91\xc0}2B\xf4jX9\x053\x00V\x13\x02\x13\x03\x13\x01\xc0,\xc00\xc0+\xc0/\xcc\xa9\xcc\xa8\x00\x9f\x00\x9e\xcc\xaa\xc0\xaf\xc0\xad\xc0\xae\xc0\xac\xc0$\xc0(\xc0#\xc0'\xc0\n\xc0\x14\xc0\t\xc0\x13\xc0\xa3\xc0\x9f\xc0\xa2\xc0\x9e\x00k\x00g\x009\x003\x00\x9d\x00\x9c\xc0\xa1\xc0\x9d\xc0\xa0\xc0\x9c\x00=\x00<\x005\x00/\x00\xff\x01\x00\x01]\x00\x00\x00\x0e\x00\x0c\x00\x00\tipinfo.io\x00\x0b\x00\x04\x03\x00\x01\x02\x00\n\x00\x0c\x00\n\x00\x1d\x00\x17\x00\x1e\x00\x19\x00\x18\x00\x10\x00\x0b\x00\t\x08http/1.1\x00\x16\x00\x00\x00\x17\x00\x00\x001\x00\x00\x00\r\x00*\x00(\x04\x03\x05\x03\x06\x03\x08\x07\x08\x08\x08\t\x08\n\x08\x0b\x08\x04\x08\x05\x08\x06\x04\x01\x05\x01\x06\x01\x03\x03\x03\x01\x03\x02\x04\x02\x05\x02\x06\x02\x00+\x00\x05\x04\x03\x04\x03\x03\x00-\x00\x02\x01\x01\x003\x00&\x00$\x00\x1d\x00 \x06\xd5\xc6\xf2P\xda\xa5-\x89\x901g\xccfN\xd2\xd8_\xb4\xd2\xd0\xd8\xfb\xa6\x97\x9d\x0cIz\x05\r&\x00\x15\x00\xad\x00\x00\x00\x00\x00\x00\x00\x00\x00\x00\x00\x00\x00\x00\x00\x00\x00\x00\x00\x00\x00\x00\x00\x00\x00\x00\x00\x00\x00\x00\x00\x00\x00\x00\x00\x00\x00\x00\x00\x00\x00\x00\x00\x00\x00\x00\x00\x00\x00\x00\x00\x00\x00\x00\x00\x00\x00\x00\x00\x00\x00\x00\x00\x00\x00\x00\x00\x00\x00\x00\x00\x00\x00\x00\x00\x00\x00\x00\x00\x00\x00\x00\x00\x00\x00\x00\x00\x00\x00\x00\x00\x00\x00\x00\x00\x00\x00\x00\x00\x00\x00\x00\x00\x00\x00\x00\x00\x00\x00\x00\x00\x00\x00\x00\x00\x00\x00\x00\x00\x00\x00\x00\x00\x00\x00\x00\x00\x00\x00\x00\x00\x00\x00\x00\x00\x00\x00\x00\x00\x00\x00\x00\x00\x00\x00\x00\x00\x00\x00\x00\x00\x00\x00\x00\x00\x00\x00\x00\x00\x00\x00\x00\x00\x00\x00\x00\x00\x00\x00\x00\x00\x00\x00"""
"84","7d21dd8f5d52","2023-12-24 19:05:52","172.217.16.4","443","b""\x16\x03\x01\x02\x00\x01\x00\x01\xfc\x03\x031\x9e\x9a\xaa2\x19\x86\xd2\x157s\x18\xc3\x0b\x9e/\x86\xd1\xb4\xa3\xf9e<g\x80\x8dN=\x1b\x8a9\x9f ,\xbe\r\xee\x82\xf6c\x1e}\x9f@K\x00\x8c\xb3\x01h\xf1\xdb\xe1e\x15\x8eO\xe2!\xff\xcdw\xbe\xe5\xa7\x00V\x13\x02\x13\x03\x13\x01\xc0,\xc00\xc0+\xc0/\xcc\xa9\xcc\xa8\x00\x9f\x00\x9e\xcc\xaa\xc0\xaf\xc0\xad\xc0\xae\xc0\xac\xc0$\xc0(\xc0#\xc0'\xc0\n\xc0\x14\xc0\t\xc0\x13\xc0\xa3\xc0\x9f\xc0\xa2\xc0\x9e\x00k\x00g\x009\x003\x00\x9d\x00\x9c\xc0\xa1\xc0\x9d\xc0\xa0\xc0\x9c\x00=\x00<\x005\x00/\x00\xff\x01\x00\x01]\x00\x00\x00\x13\x00\x11\x00\x00\x0ewww.google.com\x00\x0b\x00\x04\x03\x00\x01\x02\x00\n\x00\x0c\x00\n\x00\x1d\x00\x17\x00\x1e\x00\x19\x00\x18\x00\x10\x00\x0b\x00\t\x08http/1.1\x00\x16\x00\x00\x00\x17\x00\x00\x001\x00\x00\x00\r\x00*\x00(\x04\x03\x05\x03\x06\x03\x08\x07\x08\x08\x08\t\x08\n\x08\x0b\x08\x04\x08\x05\x08\x06\x04\x01\x05\x01\x06\x01\x03\x03\x03\x01\x03\x02\x04\x02\x05\x02\x06\x02\x00+\x00\x05\x04\x03\x04\x03\x03\x00-\x00\x02\x01\x01\x003\x00&\x00$\x00\x1d\x00 \x14\x123y\x93\xd9\xd5\xb4#\x7f\xc5%\xe0\xd4k}\xcb\x01\xc41\xa2\xc2\xd0\x9f!\xc7fp.\xd77R\x00\x15\x00\xa8\x00\x00\x00\x00\x00\x00\x00\x00\x00\x00\x00\x00\x00\x00\x00\x00\x00\x00\x00\x00\x00\x00\x00\x00\x00\x00\x00\x00\x00\x00\x00\x00\x00\x00\x00\x00\x00\x00\x00\x00\x00\x00\x00\x00\x00\x00\x00\x00\x00\x00\x00\x00\x00\x00\x00\x00\x00\x00\x00\x00\x00\x00\x00\x00\x00\x00\x00\x00\x00\x00\x00\x00\x00\x00\x00\x00\x00\x00\x00\x00\x00\x00\x00\x00\x00\x00\x00\x00\x00\x00\x00\x00\x00\x00\x00\x00\x00\x00\x00\x00\x00\x00\x00\x00\x00\x00\x00\x00\x00\x00\x00\x00\x00\x00\x00\x00\x00\x00\x00\x00\x00\x00\x00\x00\x00\x00\x00\x00\x00\x00\x00\x00\x00\x00\x00\x00\x00\x00\x00\x00\x00\x00\x00\x00\x00\x00\x00\x00\x00\x00\x00\x00\x00\x00\x00\x00\x00\x00\x00\x00\x00\x00\x00\x00\x00\x00\x00\x00"""
"85","7d21dd8f5d52","2023-12-24 19:05:53","34.117.186.192","443","b""\x16\x03\x01\x02\x00\x01\x00\x01\xfc\x03\x03x\xe9h\xb33<\xec\xa9\xe3C3p\xd3\x83\xa4\xafikZ\xbb\xd4\xaea@\x18\xabn7\xde\x9f\xc7\xed \xc7%\x00[\xa5\xb5\x08C\xbf\x134\xe83 o\xb2\xb9\xde\xa3x\xd8\xc3s\xc4\xcd6\xb8\xca'PM\xef\x00V\x13\x02\x13\x03\x13\x01\xc0,\xc00\xc0+\xc0/\xcc\xa9\xcc\xa8\x00\x9f\x00\x9e\xcc\xaa\xc0\xaf\xc0\xad\xc0\xae\xc0\xac\xc0$\xc0(\xc0#\xc0'\xc0\n\xc0\x14\xc0\t\xc0\x13\xc0\xa3\xc0\x9f\xc0\xa2\xc0\x9e\x00k\x00g\x009\x003\x00\x9d\x00\x9c\xc0\xa1\xc0\x9d\xc0\xa0\xc0\x9c\x00=\x00<\x005\x00/\x00\xff\x01\x00\x01]\x00\x00\x00\x0e\x00\x0c\x00\x00\tipinfo.io\x00\x0b\x00\x04\x03\x00\x01\x02\x00\n\x00\x0c\x00\n\x00\x1d\x00\x17\x00\x1e\x00\x19\x00\x18\x00\x10\x00\x0b\x00\t\x08http/1.1\x00\x16\x00\x00\x00\x17\x00\x00\x001\x00\x00\x00\r\x00*\x00(\x04\x03\x05\x03\x06\x03\x08\x07\x08\x08\x08\t\x08\n\x08\x0b\x08\x04\x08\x05\x08\x06\x04\x01\x05\x01\x06\x01\x03\x03\x03\x01\x03\x02\x04\x02\x05\x02\x06\x02\x00+\x00\x05\x04\x03\x04\x03\x03\x00-\x00\x02\x01\x01\x003\x00&\x00$\x00\x1d\x00 c\xca3\x85\xeb\x84\xbf_\x92\xf9\xbd!Y\x05\xf7=\xd17}\xab\x81\x19\xc1\x91C\xb7\xc5\x06d\xda\xd2$\x00\x15\x00\xad\x00\x00\x00\x00\x00\x00\x00\x00\x00\x00\x00\x00\x00\x00\x00\x00\x00\x00\x00\x00\x00\x00\x00\x00\x00\x00\x00\x00\x00\x00\x00\x00\x00\x00\x00\x00\x00\x00\x00\x00\x00\x00\x00\x00\x00\x00\x00\x00\x00\x00\x00\x00\x00\x00\x00\x00\x00\x00\x00\x00\x00\x00\x00\x00\x00\x00\x00\x00\x00\x00\x00\x00\x00\x00\x00\x00\x00\x00\x00\x00\x00\x00\x00\x00\x00\x00\x00\x00\x00\x00\x00\x00\x00\x00\x00\x00\x00\x00\x00\x00\x00\x00\x00\x00\x00\x00\x00\x00\x00\x00\x00\x00\x00\x00\x00\x00\x00\x00\x00\x00\x00\x00\x00\x00\x00\x00\x00\x00\x00\x00\x00\x00\x00\x00\x00\x00\x00\x00\x00\x00\x00\x00\x00\x00\x00\x00\x00\x00\x00\x00\x00\x00\x00\x00\x00\x00\x00\x00\x00\x00\x00\x00\x00\x00\x00\x00\x00\x00\x00\x00\x00\x00\x00"""
"86","612cba9be173","2023-12-24 19:41:53","142.250.74.78","80","b'GET / HTTP/1.0\r\nHost: google.com\r\n\r\n'"
"87","612cba9be173","2023-12-24 19:41:53","2a00:1450:400f:802::200e","80","b'GET / HTTP/1.0\r\nHost: google.com\r\n\r\n'"
"88","612cba9be173","2023-12-24 19:41:54","98.137.11.163","80","b'GET / HTTP/1.0\r\nHost: yahoo.com\r\n\r\n'"
"89","612cba9be173","2023-12-24 19:41:54","2001:4998:124:1507::f000","80","b'GET / HTTP/1.0\r\nHost: yahoo.com\r\n\r\n'"
"90","612cba9be173","2023-12-24 19:41:54","77.88.55.88","80","b'GET / HTTP/1.0\r\nHost: yandex.ru\r\n\r\n'"
"91","612cba9be173","2023-12-24 19:41:55","2001:4998:44:3507::8000","80","b'GET / HTTP/1.0\r\nHost: yandex.ru\r\n\r\n'"
"92","02072203eab9","2023-12-24 20:30:31","142.250.74.78","80","b'GET / HTTP/1.0\r\nHost: google.com\r\n\r\n'"
"93","02072203eab9","2023-12-24 20:30:31","2a00:1450:400f:802::200e","80","b'GET / HTTP/1.0\r\nHost: google.com\r\n\r\n'"
"94","02072203eab9","2023-12-24 20:30:31","98.137.11.164","80","b'GET / HTTP/1.0\r\nHost: yahoo.com\r\n\r\n'"
"95","02072203eab9","2023-12-24 20:30:32","2001:4998:124:1507::f000","80","b'GET / HTTP/1.0\r\nHost: yahoo.com\r\n\r\n'"
"96","02072203eab9","2023-12-24 20:30:32","5.255.255.77","80","b'GET / HTTP/1.0\r\nHost: yandex.ru\r\n\r\n'"
"97","02072203eab9","2023-12-24 20:30:32","2a02:6b8:a::a","80","b'GET / HTTP/1.0\r\nHost: yandex.ru\r\n\r\n'"
"98","004ea67e0f30","2023-12-24 22:48:54","142.250.186.196","443","b""\x16\x03\x01\x02\x00\x01\x00\x01\xfc\x03\x03\x18]\x8d\xd5O\xfa=\x90b\xd5\xd8\xcc\xa6N\x16\x80\x9b\xbd\xc6Rg\x0bW\xff\x14>\xf8\xd7^\xba{\x99 \x84\x86\x8aD\xbdr\x03\x86N\x08\xb7\x8a\xd58*\xf7b\xcdb+&.\xdcB\x0c\x0b\x85\x18\rL\xaaF\x00V\x13\x02\x13\x03\x13\x01\xc0,\xc00\xc0+\xc0/\xcc\xa9\xcc\xa8\x00\x9f\x00\x9e\xcc\xaa\xc0\xaf\xc0\xad\xc0\xae\xc0\xac\xc0$\xc0(\xc0#\xc0'\xc0\n\xc0\x14\xc0\t\xc0\x13\xc0\xa3\xc0\x9f\xc0\xa2\xc0\x9e\x00k\x00g\x009\x003\x00\x9d\x00\x9c\xc0\xa1\xc0\x9d\xc0\xa0\xc0\x9c\x00=\x00<\x005\x00/\x00\xff\x01\x00\x01]\x00\x00\x00\x13\x00\x11\x00\x00\x0ewww.google.com\x00\x0b\x00\x04\x03\x00\x01\x02\x00\n\x00\x0c\x00\n\x00\x1d\x00\x17\x00\x1e\x00\x19\x00\x18\x00\x10\x00\x0b\x00\t\x08http/1.1\x00\x16\x00\x00\x00\x17\x00\x00\x001\x00\x00\x00\r\x00*\x00(\x04\x03\x05\x03\x06\x03\x08\x07\x08\x08\x08\t\x08\n\x08\x0b\x08\x04\x08\x05\x08\x06\x04\x01\x05\x01\x06\x01\x03\x03\x03\x01\x03\x02\x04\x02\x05\x02\x06\x02\x00+\x00\x05\x04\x03\x04\x03\x03\x00-\x00\x02\x01\x01\x003\x00&\x00$\x00\x1d\x00 \xf5\xe4d\x9f\x7f\x92\x8a\xfa\x05\xb8\xffA\x93m/\x84M\xa3\xe750\xa1vx\xf9\xff/\x0b\x03\xbc:\x1b\x00\x15\x00\xa8\x00\x00\x00\x00\x00\x00\x00\x00\x00\x00\x00\x00\x00\x00\x00\x00\x00\x00\x00\x00\x00\x00\x00\x00\x00\x00\x00\x00\x00\x00\x00\x00\x00\x00\x00\x00\x00\x00\x00\x00\x00\x00\x00\x00\x00\x00\x00\x00\x00\x00\x00\x00\x00\x00\x00\x00\x00\x00\x00\x00\x00\x00\x00\x00\x00\x00\x00\x00\x00\x00\x00\x00\x00\x00\x00\x00\x00\x00\x00\x00\x00\x00\x00\x00\x00\x00\x00\x00\x00\x00\x00\x00\x00\x00\x00\x00\x00\x00\x00\x00\x00\x00\x00\x00\x00\x00\x00\x00\x00\x00\x00\x00\x00\x00\x00\x00\x00\x00\x00\x00\x00\x00\x00\x00\x00\x00\x00\x00\x00\x00\x00\x00\x00\x00\x00\x00\x00\x00\x00\x00\x00\x00\x00\x00\x00\x00\x00\x00\x00\x00\x00\x00\x00\x00\x00\x00\x00\x00\x00\x00\x00\x00\x00\x00\x00\x00\x00\x00"""
"99","004ea67e0f30","2023-12-24 22:48:54","34.117.186.192","443","b""\x16\x03\x01\x02\x00\x01\x00\x01\xfc\x03\x03\x93\xb0|\xc9\xef\xef\xbd\x7f\x11W\x1b\xc4F\x06\xe0\xdak\xfd\xa0\xa8a4h(\x9e\x19p\xf8\x1c$\xddA X\x1b\xb2\xc1\x16,\x90p\xdd\x0b\xc4\xc6\x92\x12\xe6J\x86\x86m\xa1\x19R\xc4\xd1\xc8\x0b#\xd3\xc7\xf4\xb0\xe8\x00V\x13\x02\x13\x03\x13\x01\xc0,\xc00\xc0+\xc0/\xcc\xa9\xcc\xa8\x00\x9f\x00\x9e\xcc\xaa\xc0\xaf\xc0\xad\xc0\xae\xc0\xac\xc0$\xc0(\xc0#\xc0'\xc0\n\xc0\x14\xc0\t\xc0\x13\xc0\xa3\xc0\x9f\xc0\xa2\xc0\x9e\x00k\x00g\x009\x003\x00\x9d\x00\x9c\xc0\xa1\xc0\x9d\xc0\xa0\xc0\x9c\x00=\x00<\x005\x00/\x00\xff\x01\x00\x01]\x00\x00\x00\x0e\x00\x0c\x00\x00\tipinfo.io\x00\x0b\x00\x04\x03\x00\x01\x02\x00\n\x00\x0c\x00\n\x00\x1d\x00\x17\x00\x1e\x00\x19\x00\x18\x00\x10\x00\x0b\x00\t\x08http/1.1\x00\x16\x00\x00\x00\x17\x00\x00\x001\x00\x00\x00\r\x00*\x00(\x04\x03\x05\x03\x06\x03\x08\x07\x08\x08\x08\t\x08\n\x08\x0b\x08\x04\x08\x05\x08\x06\x04\x01\x05\x01\x06\x01\x03\x03\x03\x01\x03\x02\x04\x02\x05\x02\x06\x02\x00+\x00\x05\x04\x03\x04\x03\x03\x00-\x00\x02\x01\x01\x003\x00&\x00$\x00\x1d\x00 \xef9j\x10\x19@\xba\xe7\xf7\xd7\x82k\xa8\x85*\x8d\xf5\xea\xc4\x98j\xc0\x8c\xe1\xa1p.\xbc`\x08\xd5+\x00\x15\x00\xad\x00\x00\x00\x00\x00\x00\x00\x00\x00\x00\x00\x00\x00\x00\x00\x00\x00\x00\x00\x00\x00\x00\x00\x00\x00\x00\x00\x00\x00\x00\x00\x00\x00\x00\x00\x00\x00\x00\x00\x00\x00\x00\x00\x00\x00\x00\x00\x00\x00\x00\x00\x00\x00\x00\x00\x00\x00\x00\x00\x00\x00\x00\x00\x00\x00\x00\x00\x00\x00\x00\x00\x00\x00\x00\x00\x00\x00\x00\x00\x00\x00\x00\x00\x00\x00\x00\x00\x00\x00\x00\x00\x00\x00\x00\x00\x00\x00\x00\x00\x00\x00\x00\x00\x00\x00\x00\x00\x00\x00\x00\x00\x00\x00\x00\x00\x00\x00\x00\x00\x00\x00\x00\x00\x00\x00\x00\x00\x00\x00\x00\x00\x00\x00\x00\x00\x00\x00\x00\x00\x00\x00\x00\x00\x00\x00\x00\x00\x00\x00\x00\x00\x00\x00\x00\x00\x00\x00\x00\x00\x00\x00\x00\x00\x00\x00\x00\x00\x00\x00\x00\x00\x00\x00"""
"100","916ae1f6021e","2023-12-24 22:53:33","142.250.74.78","80","b'GET / HTTP/1.0\r\nHost: google.com\r\n\r\n'"
"101","916ae1f6021e","2023-12-24 22:53:33","2a00:1450:400f:802::200e","80","b'GET / HTTP/1.0\r\nHost: google.com\r\n\r\n'"
"102","916ae1f6021e","2023-12-24 22:53:33","74.6.143.25","80","b'GET / HTTP/1.0\r\nHost: yahoo.com\r\n\r\n'"
"103","916ae1f6021e","2023-12-24 22:53:34","2001:4998:124:1507::f000","80","b'GET / HTTP/1.0\r\nHost: yahoo.com\r\n\r\n'"
"104","916ae1f6021e","2023-12-24 22:53:34","98.137.11.164","80","b'GET / HTTP/1.0\r\nHost: yandex.ru\r\n\r\n'"
"105","916ae1f6021e","2023-12-24 22:53:34","2a00:1450:400f:802::200e","80","b'GET / HTTP/1.0\r\nHost: yandex.ru\r\n\r\n'"
"106","17c3f9c7482c","2023-12-25 00:12:06","google.com","443","b""\x16\x03\x01\x02\x00\x01\x00\x01\xfc\x03\x03\x1d\xbf|u\xf5\x07\xe8\x9f\x0f=2\x9b[\x82D\xd0\x02\xec\xc4\x85SE\x9fJvVs\x89\xce\x9d\xa2\x01 ]!\xb4\xffYY\x91\xc0\xef\xf5\r\x07ZO\x15\xbb\xc5\xe2B\xf5.\x8d\xc4\xbf\x1f\x00\xfa\x0fu1\xc0l\x00>\x13\x02\x13\x03\x13\x01\xc0,\xc00\x00\x9f\xcc\xa9\xcc\xa8\xcc\xaa\xc0+\xc0/\x00\x9e\xc0$\xc0(\x00k\xc0#\xc0'\x00g\xc0\n\xc0\x14\x009\xc0\t\xc0\x13\x003\x00\x9d\x00\x9c\x00=\x00<\x005\x00/\x00\xff\x01\x00\x01u\x00\x00\x00\x0f\x00\r\x00\x00\ngoogle.com\x00\x0b\x00\x04\x03\x00\x01\x02\x00\n\x00\x0c\x00\n\x00\x1d\x00\x17\x00\x1e\x00\x19\x00\x18\x00\x10\x00\x0e\x00\x0c\x02h2\x08http/1.1\x00\x16\x00\x00\x00\x17\x00\x00\x001\x00\x00\x00\r\x000\x00.\x04\x03\x05\x03\x06\x03\x08\x07\x08\x08\x08\t\x08\n\x08\x0b\x08\x04\x08\x05\x08\x06\x04\x01\x05\x01\x06\x01\x03\x03\x02\x03\x03\x01\x02\x01\x03\x02\x02\x02\x04\x02\x05\x02\x06\x02\x00+\x00\t\x08\x03\x04\x03\x03\x03\x02\x03\x01\x00-\x00\x02\x01\x01\x003\x00&\x00$\x00\x1d\x00 S\x13q:?\x879\xa0\x15&\xd0T\xf6%\x11N\xdd\xae\x0f\xc9\xd1#_\x17J\xf0z[\x12\xd2}x\x00\x15\x00\xb7\x00\x00\x00\x00\x00\x00\x00\x00\x00\x00\x00\x00\x00\x00\x00\x00\x00\x00\x00\x00\x00\x00\x00\x00\x00\x00\x00\x00\x00\x00\x00\x00\x00\x00\x00\x00\x00\x00\x00\x00\x00\x00\x00\x00\x00\x00\x00\x00\x00\x00\x00\x00\x00\x00\x00\x00\x00\x00\x00\x00\x00\x00\x00\x00\x00\x00\x00\x00\x00\x00\x00\x00\x00\x00\x00\x00\x00\x00\x00\x00\x00\x00\x00\x00\x00\x00\x00\x00\x00\x00\x00\x00\x00\x00\x00\x00\x00\x00\x00\x00\x00\x00\x00\x00\x00\x00\x00\x00\x00\x00\x00\x00\x00\x00\x00\x00\x00\x00\x00\x00\x00\x00\x00\x00\x00\x00\x00\x00\x00\x00\x00\x00\x00\x00\x00\x00\x00\x00\x00\x00\x00\x00\x00\x00\x00\x00\x00\x00\x00\x00\x00\x00\x00\x00\x00\x00\x00\x00\x00\x00\x00\x00\x00\x00\x00\x00\x00\x00\x00\x00\x00\x00\x00\x00\x00\x00\x00\x00\x00\x00\x00\x00\x00"""
"107","5a3d4a2cc980","2023-12-25 00:35:00","142.250.74.78","80","b'GET / HTTP/1.0\r\nHost: google.com\r\n\r\n'"
"108","5a3d4a2cc980","2023-12-25 00:35:00","2a00:1450:400f:802::200e","80","b'GET / HTTP/1.0\r\nHost: google.com\r\n\r\n'"
"109","5a3d4a2cc980","2023-12-25 00:35:00","74.6.143.26","80","b'GET / HTTP/1.0\r\nHost: yahoo.com\r\n\r\n'"
"110","5a3d4a2cc980","2023-12-25 00:35:00","2001:4998:124:1507::f001","80","b'GET / HTTP/1.0\r\nHost: yahoo.com\r\n\r\n'"
"111","5a3d4a2cc980","2023-12-25 00:35:01","142.250.74.78","80","b'GET / HTTP/1.0\r\nHost: yandex.ru\r\n\r\n'"
"112","5a3d4a2cc980","2023-12-25 00:35:01","2a00:1450:400f:802::200e","80","b'GET / HTTP/1.0\r\nHost: yandex.ru\r\n\r\n'"
"113","aa0dc7f78b6c","2023-12-25 01:36:45","64.233.165.99","443","b'\x16\x03\x01\x02\x00\x01\x00\x01\xfc\x03\x03\x04\xef\x03\x10R\xf8\xa1\xb3\xf3\x08\xbbh)\x8d""=\xa0\xe3d\x953\xdd\xfc\xf8\xad\xb6\xd9\x080!""\xf3 )#\xc1/\xd4\\\xeb\x80\x90g""x\xbf\xdb\x02\xd7$\x95s\x8b,\x88A\xa4\x18\x9c\xa4\xfa\xfdL\x0b\xe8\x00V\x13\x02\x13\x03\x13\x01\xc0,\xc00\xc0+\xc0/\xcc\xa9\xcc\xa8\x00\x9f\x00\x9e\xcc\xaa\xc0\xaf\xc0\xad\xc0\xae\xc0\xac\xc0$\xc0(\xc0#\xc0\'\xc0\n\xc0\x14\xc0\t\xc0\x13\xc0\xa3\xc0\x9f\xc0\xa2\xc0\x9e\x00k\x00g\x009\x003\x00\x9d\x00\x9c\xc0\xa1\xc0\x9d\xc0\xa0\xc0\x9c\x00=\x00<\x005\x00/\x00\xff\x01\x00\x01]\x00\x00\x00\x13\x00\x11\x00\x00\x0ewww.google.com\x00\x0b\x00\x04\x03\x00\x01\x02\x00\n\x00\x16\x00\x14\x00\x1d\x00\x17\x00\x1e\x00\x19\x00\x18\x01\x00\x01\x01\x01\x02\x01\x03\x01\x04\x00\x10\x00\x0b\x00\t\x08http/1.1\x00\x16\x00\x00\x00\x17\x00\x00\x001\x00\x00\x00\r\x00*\x00(\x04\x03\x05\x03\x06\x03\x08\x07\x08\x08\x08\t\x08\n\x08\x0b\x08\x04\x08\x05\x08\x06\x04\x01\x05\x01\x06\x01\x03\x03\x03\x01\x03\x02\x04\x02\x05\x02\x06\x02\x00+\x00\t\x08\x03\x04\x03\x03\x03\x02\x03\x01\x00-\x00\x02\x01\x01\x003\x00&\x00$\x00\x1d\x00 \xee:""ip\xd5\xa0\xd8\x17D\t\xef\xe9\xe1H#\xa8\x80A\xff\xe7u\xedU\xbd>\xd0\x13.\'M3\x00\x15\x00\x9a\x00\x00\x00\x00\x00\x00\x00\x00\x00\x00\x00\x00\x00\x00\x00\x00\x00\x00\x00\x00\x00\x00\x00\x00\x00\x00\x00\x00\x00\x00\x00\x00\x00\x00\x00\x00\x00\x00\x00\x00\x00\x00\x00\x00\x00\x00\x00\x00\x00\x00\x00\x00\x00\x00\x00\x00\x00\x00\x00\x00\x00\x00\x00\x00\x00\x00\x00\x00\x00\x00\x00\x00\x00\x00\x00\x00\x00\x00\x00\x00\x00\x00\x00\x00\x00\x00\x00\x00\x00\x00\x00\x00\x00\x00\x00\x00\x00\x00\x00\x00\x00\x00\x00\x00\x00\x00\x00\x00\x00\x00\x00\x00\x00\x00\x00\x00\x00\x00\x00\x00\x00\x00\x00\x00\x00\x00\x00\x00\x00\x00\x00\x00\x00\x00\x00\x00\x00\x00\x00\x00\x00\x00\x00\x00\x00\x00\x00\x00\x00\x00\x00\x00\x00\x00'"
"114","aa0dc7f78b6c","2023-12-25 01:36:45","34.117.186.192","443","b""\x16\x03\x01\x02\x00\x01\x00\x01\xfc\x03\x03WS\xc6\xe9>z\xbcN\x17h\xb9x\xdc\x15tS\xfa\x07Nu\xcd\xa6\x1a-\xca\xd7\x8em\xd5\xbbz\xb3 \xe2\xe2\xf8{\xff\xc6\x97\xfe.m\xeb\x98rF\x18#\xfc\x15_\xf1\xdb\x9cz\x00G^\xfd\x94\xf3G\xfa\xde\x00V\x13\x02\x13\x03\x13\x01\xc0,\xc00\xc0+\xc0/\xcc\xa9\xcc\xa8\x00\x9f\x00\x9e\xcc\xaa\xc0\xaf\xc0\xad\xc0\xae\xc0\xac\xc0$\xc0(\xc0#\xc0'\xc0\n\xc0\x14\xc0\t\xc0\x13\xc0\xa3\xc0\x9f\xc0\xa2\xc0\x9e\x00k\x00g\x009\x003\x00\x9d\x00\x9c\xc0\xa1\xc0\x9d\xc0\xa0\xc0\x9c\x00=\x00<\x005\x00/\x00\xff\x01\x00\x01]\x00\x00\x00\x0e\x00\x0c\x00\x00\tipinfo.io\x00\x0b\x00\x04\x03\x00\x01\x02\x00\n\x00\x16\x00\x14\x00\x1d\x00\x17\x00\x1e\x00\x19\x00\x18\x01\x00\x01\x01\x01\x02\x01\x03\x01\x04\x00\x10\x00\x0b\x00\t\x08http/1.1\x00\x16\x00\x00\x00\x17\x00\x00\x001\x00\x00\x00\r\x00*\x00(\x04\x03\x05\x03\x06\x03\x08\x07\x08\x08\x08\t\x08\n\x08\x0b\x08\x04\x08\x05\x08\x06\x04\x01\x05\x01\x06\x01\x03\x03\x03\x01\x03\x02\x04\x02\x05\x02\x06\x02\x00+\x00\t\x08\x03\x04\x03\x03\x03\x02\x03\x01\x00-\x00\x02\x01\x01\x003\x00&\x00$\x00\x1d\x00 %\x80\x81\xf9\x86\xf3\xf4\x17\xaa8d\xb9\xb2\xf9I\x98117\xdd\xff\xc8P\xb6(SM\xc7y\x86sv\x00\x15\x00\x9f\x00\x00\x00\x00\x00\x00\x00\x00\x00\x00\x00\x00\x00\x00\x00\x00\x00\x00\x00\x00\x00\x00\x00\x00\x00\x00\x00\x00\x00\x00\x00\x00\x00\x00\x00\x00\x00\x00\x00\x00\x00\x00\x00\x00\x00\x00\x00\x00\x00\x00\x00\x00\x00\x00\x00\x00\x00\x00\x00\x00\x00\x00\x00\x00\x00\x00\x00\x00\x00\x00\x00\x00\x00\x00\x00\x00\x00\x00\x00\x00\x00\x00\x00\x00\x00\x00\x00\x00\x00\x00\x00\x00\x00\x00\x00\x00\x00\x00\x00\x00\x00\x00\x00\x00\x00\x00\x00\x00\x00\x00\x00\x00\x00\x00\x00\x00\x00\x00\x00\x00\x00\x00\x00\x00\x00\x00\x00\x00\x00\x00\x00\x00\x00\x00\x00\x00\x00\x00\x00\x00\x00\x00\x00\x00\x00\x00\x00\x00\x00\x00\x00\x00\x00\x00\x00\x00\x00\x00\x00"""
"115","67ccc2f2e64e","2023-12-25 04:19:08","142.250.74.78","80","b'GET / HTTP/1.0\r\nHost: google.com\r\n\r\n'"
"116","67ccc2f2e64e","2023-12-25 04:19:08","2a00:1450:400f:802::200e","80","b'GET / HTTP/1.0\r\nHost: google.com\r\n\r\n'"
"117","67ccc2f2e64e","2023-12-25 04:19:09","74.6.231.21","80","b'GET / HTTP/1.0\r\nHost: yahoo.com\r\n\r\n'"
"118","67ccc2f2e64e","2023-12-25 04:19:09","2001:4998:24:120d::1:0","80","b'GET / HTTP/1.0\r\nHost: yahoo.com\r\n\r\n'"
"119","67ccc2f2e64e","2023-12-25 04:19:09","74.6.143.26","80","b'GET / HTTP/1.0\r\nHost: yandex.ru\r\n\r\n'"
"120","67ccc2f2e64e","2023-12-25 04:19:09","2001:4998:24:120d::1:1","80","b'GET / HTTP/1.0\r\nHost: yandex.ru\r\n\r\n'"
"121","6d64c1068d0a","2023-12-25 05:20:45","64.233.165.147","443","b'\x16\x03\x01\x02\x00\x01\x00\x01\xfc\x03\x03\xb4\xf0\x00\x08=Y\x1d\xc45J\xdbG\x8e,\xee\xe3\x9b\x81\xcd\x1fR5\xa9\xf5\xd3\xf6\xbe\x93\xa9j\xa6\x9b \xa0\xeb\xc6\xd4\x0bC\xa5\x07\\>\x1f\xac(F\xca\x90\x03\x82\x1e`\x14k\x86&\xc8\xf4\x89\x92\x7f\xfc\x1e7\x00V\x13\x02\x13\x03\x13\x01\xc0,\xc00\xc0+\xc0/\xcc\xa9\xcc\xa8\x00\x9f\x00\x9e\xcc\xaa\xc0\xaf\xc0\xad\xc0\xae\xc0\xac\xc0$\xc0(\xc0#\xc0\'\xc0\n\xc0\x14\xc0\t\xc0\x13\xc0\xa3\xc0\x9f\xc0\xa2\xc0\x9e\x00k\x00g\x009\x003\x00\x9d\x00\x9c\xc0\xa1\xc0\x9d\xc0\xa0\xc0\x9c\x00=\x00<\x005\x00/\x00\xff\x01\x00\x01]\x00\x00\x00\x13\x00\x11\x00\x00\x0ewww.google.com\x00\x0b\x00\x04\x03\x00\x01\x02\x00\n\x00\x16\x00\x14\x00\x1d\x00\x17\x00\x1e\x00\x19\x00\x18\x01\x00\x01\x01\x01\x02\x01\x03\x01\x04\x00\x10\x00\x0b\x00\t\x08http/1.1\x00\x16\x00\x00\x00\x17\x00\x00\x001\x00\x00\x00\r\x00*\x00(\x04\x03\x05\x03\x06\x03\x08\x07\x08\x08\x08\t\x08\n\x08\x0b\x08\x04\x08\x05\x08\x06\x04\x01\x05\x01\x06\x01\x03\x03\x03\x01\x03\x02\x04\x02\x05\x02\x06\x02\x00+\x00\t\x08\x03\x04\x03\x03\x03\x02\x03\x01\x00-\x00\x02\x01\x01\x003\x00&\x00$\x00\x1d\x00 :!\x95Z\x17\xa6\xac\xf4\xa2x;2\xa9\xd3\xc8\x1a\xba)\xcb\x9b\xaa\x94""B\xf0\x11?\xc8\x05\xf5H\x1a\x00\x15\x00\x9a\x00\x00\x00\x00\x00\x00\x00\x00\x00\x00\x00\x00\x00\x00\x00\x00\x00\x00\x00\x00\x00\x00\x00\x00\x00\x00\x00\x00\x00\x00\x00\x00\x00\x00\x00\x00\x00\x00\x00\x00\x00\x00\x00\x00\x00\x00\x00\x00\x00\x00\x00\x00\x00\x00\x00\x00\x00\x00\x00\x00\x00\x00\x00\x00\x00\x00\x00\x00\x00\x00\x00\x00\x00\x00\x00\x00\x00\x00\x00\x00\x00\x00\x00\x00\x00\x00\x00\x00\x00\x00\x00\x00\x00\x00\x00\x00\x00\x00\x00\x00\x00\x00\x00\x00\x00\x00\x00\x00\x00\x00\x00\x00\x00\x00\x00\x00\x00\x00\x00\x00\x00\x00\x00\x00\x00\x00\x00\x00\x00\x00\x00\x00\x00\x00\x00\x00\x00\x00\x00\x00\x00\x00\x00\x00\x00\x00\x00\x00\x00\x00\x00\x00\x00\x00'"
"122","6d64c1068d0a","2023-12-25 05:20:45","34.117.186.192","443","b""\x16\x03\x01\x02\x00\x01\x00\x01\xfc\x03\x03\x82\xa98q\xfeq\n\x84T\x9e\x02N\xfbVkBCqU:\x82PQ\xb4v#\x97\xa3\xb5\xd4\xef2 A\x9f\xb7{h\xa7\xda\xfa\x0ey[\x95\xef\x13[-\xa2-\xa1\xc0\r\x0b\xa7\x07/H>3,t\xcds\x00V\x13\x02\x13\x03\x13\x01\xc0,\xc00\xc0+\xc0/\xcc\xa9\xcc\xa8\x00\x9f\x00\x9e\xcc\xaa\xc0\xaf\xc0\xad\xc0\xae\xc0\xac\xc0$\xc0(\xc0#\xc0'\xc0\n\xc0\x14\xc0\t\xc0\x13\xc0\xa3\xc0\x9f\xc0\xa2\xc0\x9e\x00k\x00g\x009\x003\x00\x9d\x00\x9c\xc0\xa1\xc0\x9d\xc0\xa0\xc0\x9c\x00=\x00<\x005\x00/\x00\xff\x01\x00\x01]\x00\x00\x00\x0e\x00\x0c\x00\x00\tipinfo.io\x00\x0b\x00\x04\x03\x00\x01\x02\x00\n\x00\x16\x00\x14\x00\x1d\x00\x17\x00\x1e\x00\x19\x00\x18\x01\x00\x01\x01\x01\x02\x01\x03\x01\x04\x00\x10\x00\x0b\x00\t\x08http/1.1\x00\x16\x00\x00\x00\x17\x00\x00\x001\x00\x00\x00\r\x00*\x00(\x04\x03\x05\x03\x06\x03\x08\x07\x08\x08\x08\t\x08\n\x08\x0b\x08\x04\x08\x05\x08\x06\x04\x01\x05\x01\x06\x01\x03\x03\x03\x01\x03\x02\x04\x02\x05\x02\x06\x02\x00+\x00\t\x08\x03\x04\x03\x03\x03\x02\x03\x01\x00-\x00\x02\x01\x01\x003\x00&\x00$\x00\x1d\x00 \xe7C\xa1:\xbf\xe1\xd4o>\xfb\xe3\xa2s|MA\xd6\x94c\xb0\xd7X\xa1t\xd1\xbe\xb2\x92U\x02\x18\x03\x00\x15\x00\x9f\x00\x00\x00\x00\x00\x00\x00\x00\x00\x00\x00\x00\x00\x00\x00\x00\x00\x00\x00\x00\x00\x00\x00\x00\x00\x00\x00\x00\x00\x00\x00\x00\x00\x00\x00\x00\x00\x00\x00\x00\x00\x00\x00\x00\x00\x00\x00\x00\x00\x00\x00\x00\x00\x00\x00\x00\x00\x00\x00\x00\x00\x00\x00\x00\x00\x00\x00\x00\x00\x00\x00\x00\x00\x00\x00\x00\x00\x00\x00\x00\x00\x00\x00\x00\x00\x00\x00\x00\x00\x00\x00\x00\x00\x00\x00\x00\x00\x00\x00\x00\x00\x00\x00\x00\x00\x00\x00\x00\x00\x00\x00\x00\x00\x00\x00\x00\x00\x00\x00\x00\x00\x00\x00\x00\x00\x00\x00\x00\x00\x00\x00\x00\x00\x00\x00\x00\x00\x00\x00\x00\x00\x00\x00\x00\x00\x00\x00\x00\x00\x00\x00\x00\x00\x00\x00\x00\x00\x00\x00"""
"123","fe7f15a64571","2023-12-25 06:35:11","142.250.74.78","80","b'GET / HTTP/1.0\r\nHost: google.com\r\n\r\n'"
"124","fe7f15a64571","2023-12-25 06:35:12","2a00:1450:400f:802::200e","80","b'GET / HTTP/1.0\r\nHost: google.com\r\n\r\n'"
"125","fe7f15a64571","2023-12-25 06:35:12","74.6.143.26","80","b'GET / HTTP/1.0\r\nHost: yahoo.com\r\n\r\n'"
"126","fe7f15a64571","2023-12-25 06:35:12","2a00:1450:400f:802::200e","80","b'GET / HTTP/1.0\r\nHost: yahoo.com\r\n\r\n'"
"127","fe7f15a64571","2023-12-25 06:35:13","74.6.231.21","80","b'GET / HTTP/1.0\r\nHost: yandex.ru\r\n\r\n'"
"128","fe7f15a64571","2023-12-25 06:35:13","2a02:6b8:a::a","80","b'GET / HTTP/1.0\r\nHost: yandex.ru\r\n\r\n'"
"129","aa8864803b49","2023-12-25 08:10:20","64.233.165.106","443","b'\x16\x03\x01\x02\x00\x01\x00\x01\xfc\x03\x03\'\xd5L\x86\xf4\xb6\x01\xac\xa5Zu\xe24\x1f\xf9\r@\x9a\x02\x97d\xfcN\xf7\xf9\x9c7\xda\xa2\xa3T\x05 \xcbp\x9a\xf4\xcd\x13\xd7}\x13\x83\xe2t\x08\xa4\xdft\x82o\xc9\x8a\x1eBO\xbe=\x99\x96\x80\x18F""\xc6\x00V\x13\x02\x13\x03\x13\x01\xc0,\xc00\xc0+\xc0/\xcc\xa9\xcc\xa8\x00\x9f\x00\x9e\xcc\xaa\xc0\xaf\xc0\xad\xc0\xae\xc0\xac\xc0$\xc0(\xc0#\xc0\'\xc0\n\xc0\x14\xc0\t\xc0\x13\xc0\xa3\xc0\x9f\xc0\xa2\xc0\x9e\x00k\x00g\x009\x003\x00\x9d\x00\x9c\xc0\xa1\xc0\x9d\xc0\xa0\xc0\x9c\x00=\x00<\x005\x00/\x00\xff\x01\x00\x01]\x00\x00\x00\x13\x00\x11\x00\x00\x0ewww.google.com\x00\x0b\x00\x04\x03\x00\x01\x02\x00\n\x00\x16\x00\x14\x00\x1d\x00\x17\x00\x1e\x00\x19\x00\x18\x01\x00\x01\x01\x01\x02\x01\x03\x01\x04\x00\x10\x00\x0b\x00\t\x08http/1.1\x00\x16\x00\x00\x00\x17\x00\x00\x001\x00\x00\x00\r\x00*\x00(\x04\x03\x05\x03\x06\x03\x08\x07\x08\x08\x08\t\x08\n\x08\x0b\x08\x04\x08\x05\x08\x06\x04\x01\x05\x01\x06\x01\x03\x03\x03\x01\x03\x02\x04\x02\x05\x02\x06\x02\x00+\x00\t\x08\x03\x04\x03\x03\x03\x02\x03\x01\x00-\x00\x02\x01\x01\x003\x00&\x00$\x00\x1d\x00 \xc43\xc2\x82\xec\x9c\xc5\x94\xd0\xd8\xf4\xda\x9eb\x8c>\x8fZ\xb6\xc6\n\xb7\x90@\xc3\xe4\x7f\x13>(\xdeJ\x00\x15\x00\x9a\x00\x00\x00\x00\x00\x00\x00\x00\x00\x00\x00\x00\x00\x00\x00\x00\x00\x00\x00\x00\x00\x00\x00\x00\x00\x00\x00\x00\x00\x00\x00\x00\x00\x00\x00\x00\x00\x00\x00\x00\x00\x00\x00\x00\x00\x00\x00\x00\x00\x00\x00\x00\x00\x00\x00\x00\x00\x00\x00\x00\x00\x00\x00\x00\x00\x00\x00\x00\x00\x00\x00\x00\x00\x00\x00\x00\x00\x00\x00\x00\x00\x00\x00\x00\x00\x00\x00\x00\x00\x00\x00\x00\x00\x00\x00\x00\x00\x00\x00\x00\x00\x00\x00\x00\x00\x00\x00\x00\x00\x00\x00\x00\x00\x00\x00\x00\x00\x00\x00\x00\x00\x00\x00\x00\x00\x00\x00\x00\x00\x00\x00\x00\x00\x00\x00\x00\x00\x00\x00\x00\x00\x00\x00\x00\x00\x00\x00\x00\x00\x00\x00\x00\x00\x00'"
"130","aa8864803b49","2023-12-25 08:10:20","34.117.186.192","443","b""\x16\x03\x01\x02\x00\x01\x00\x01\xfc\x03\x03Sg\x08r\xf7\xd0\x85\xe69.Y\xe8\xfc\xb7\xa0\x15\xc5tH\x9b\x92\xe9\\\xa7\xe4\xe2R\x0f\xc2\xf9\x9e! :\xefmp\xc3\xcdx\xd8x\x9c!\x17TBF\x02\xad\x16\x05+\xf1D\xb5\xa5\x97p\xaclfE\xcc\x95\x00V\x13\x02\x13\x03\x13\x01\xc0,\xc00\xc0+\xc0/\xcc\xa9\xcc\xa8\x00\x9f\x00\x9e\xcc\xaa\xc0\xaf\xc0\xad\xc0\xae\xc0\xac\xc0$\xc0(\xc0#\xc0'\xc0\n\xc0\x14\xc0\t\xc0\x13\xc0\xa3\xc0\x9f\xc0\xa2\xc0\x9e\x00k\x00g\x009\x003\x00\x9d\x00\x9c\xc0\xa1\xc0\x9d\xc0\xa0\xc0\x9c\x00=\x00<\x005\x00/\x00\xff\x01\x00\x01]\x00\x00\x00\x0e\x00\x0c\x00\x00\tipinfo.io\x00\x0b\x00\x04\x03\x00\x01\x02\x00\n\x00\x16\x00\x14\x00\x1d\x00\x17\x00\x1e\x00\x19\x00\x18\x01\x00\x01\x01\x01\x02\x01\x03\x01\x04\x00\x10\x00\x0b\x00\t\x08http/1.1\x00\x16\x00\x00\x00\x17\x00\x00\x001\x00\x00\x00\r\x00*\x00(\x04\x03\x05\x03\x06\x03\x08\x07\x08\x08\x08\t\x08\n\x08\x0b\x08\x04\x08\x05\x08\x06\x04\x01\x05\x01\x06\x01\x03\x03\x03\x01\x03\x02\x04\x02\x05\x02\x06\x02\x00+\x00\t\x08\x03\x04\x03\x03\x03\x02\x03\x01\x00-\x00\x02\x01\x01\x003\x00&\x00$\x00\x1d\x00 U\xe1\x10\x92\x92\x83\xec\x04]ag#jj\xd0\xec\xb1g\x8d\xe7A\x02+\xfa2Ci4\xfd\xafWk\x00\x15\x00\x9f\x00\x00\x00\x00\x00\x00\x00\x00\x00\x00\x00\x00\x00\x00\x00\x00\x00\x00\x00\x00\x00\x00\x00\x00\x00\x00\x00\x00\x00\x00\x00\x00\x00\x00\x00\x00\x00\x00\x00\x00\x00\x00\x00\x00\x00\x00\x00\x00\x00\x00\x00\x00\x00\x00\x00\x00\x00\x00\x00\x00\x00\x00\x00\x00\x00\x00\x00\x00\x00\x00\x00\x00\x00\x00\x00\x00\x00\x00\x00\x00\x00\x00\x00\x00\x00\x00\x00\x00\x00\x00\x00\x00\x00\x00\x00\x00\x00\x00\x00\x00\x00\x00\x00\x00\x00\x00\x00\x00\x00\x00\x00\x00\x00\x00\x00\x00\x00\x00\x00\x00\x00\x00\x00\x00\x00\x00\x00\x00\x00\x00\x00\x00\x00\x00\x00\x00\x00\x00\x00\x00\x00\x00\x00\x00\x00\x00\x00\x00\x00\x00\x00\x00\x00\x00\x00\x00\x00\x00\x00"""
"131","51c008dc4f95","2023-12-25 09:02:18","142.250.74.78","80","b'GET / HTTP/1.0\r\nHost: google.com\r\n\r\n'"
"132","51c008dc4f95","2023-12-25 09:02:18","2a00:1450:400f:802::200e","80","b'GET / HTTP/1.0\r\nHost: google.com\r\n\r\n'"
"133","51c008dc4f95","2023-12-25 09:02:19","74.6.143.26","80","b'GET / HTTP/1.0\r\nHost: yahoo.com\r\n\r\n'"
"134","51c008dc4f95","2023-12-25 09:02:19","2001:4998:124:1507::f001","80","b'GET / HTTP/1.0\r\nHost: yahoo.com\r\n\r\n'"
"135","51c008dc4f95","2023-12-25 09:02:19","142.250.74.78","80","b'GET / HTTP/1.0\r\nHost: yandex.ru\r\n\r\n'"
"136","51c008dc4f95","2023-12-25 09:02:20","2001:4998:44:3507::8000","80","b'GET / HTTP/1.0\r\nHost: yandex.ru\r\n\r\n'"
"137","7febeca3a3ad","2023-12-25 11:52:52","142.250.186.196","443","b""\x16\x03\x01\x02\x00\x01\x00\x01\xfc\x03\x03\xd4\xee\x80'{\xc5\x87\xa4\xd6\xdaC\x9d\x1d\x7fL\xe83\xf1j\x816(%\xca\x91\xc9\\\xaf\xf4B\xc5Z \x7f\xf5\xc8\x9f\xf9\xfaE\xfa3\xcf\x91\xc7F\n\x8b\xbee\x1b\xa4\xc5\xcd\xf4v\xdc\xf9\xc0K\xb0\x0e9z\xdd\x00V\x13\x02\x13\x03\x13\x01\xc0,\xc00\xc0+\xc0/\xcc\xa9\xcc\xa8\x00\x9f\x00\x9e\xcc\xaa\xc0\xaf\xc0\xad\xc0\xae\xc0\xac\xc0$\xc0(\xc0#\xc0'\xc0\n\xc0\x14\xc0\t\xc0\x13\xc0\xa3\xc0\x9f\xc0\xa2\xc0\x9e\x00k\x00g\x009\x003\x00\x9d\x00\x9c\xc0\xa1\xc0\x9d\xc0\xa0\xc0\x9c\x00=\x00<\x005\x00/\x00\xff\x01\x00\x01]\x00\x00\x00\x13\x00\x11\x00\x00\x0ewww.google.com\x00\x0b\x00\x04\x03\x00\x01\x02\x00\n\x00\x0c\x00\n\x00\x1d\x00\x17\x00\x1e\x00\x19\x00\x18\x00\x10\x00\x0b\x00\t\x08http/1.1\x00\x16\x00\x00\x00\x17\x00\x00\x001\x00\x00\x00\r\x00*\x00(\x04\x03\x05\x03\x06\x03\x08\x07\x08\x08\x08\t\x08\n\x08\x0b\x08\x04\x08\x05\x08\x06\x04\x01\x05\x01\x06\x01\x03\x03\x03\x01\x03\x02\x04\x02\x05\x02\x06\x02\x00+\x00\x05\x04\x03\x04\x03\x03\x00-\x00\x02\x01\x01\x003\x00&\x00$\x00\x1d\x00 \xbcL\xa9\xc7\xa4\xea\x16\x17\xbe'\\Q.\x05\xa0\xb3n\x08+\xa2\x9f\x00!\xa9\x02\xa5c\xe99_!U\x00\x15\x00\xa8\x00\x00\x00\x00\x00\x00\x00\x00\x00\x00\x00\x00\x00\x00\x00\x00\x00\x00\x00\x00\x00\x00\x00\x00\x00\x00\x00\x00\x00\x00\x00\x00\x00\x00\x00\x00\x00\x00\x00\x00\x00\x00\x00\x00\x00\x00\x00\x00\x00\x00\x00\x00\x00\x00\x00\x00\x00\x00\x00\x00\x00\x00\x00\x00\x00\x00\x00\x00\x00\x00\x00\x00\x00\x00\x00\x00\x00\x00\x00\x00\x00\x00\x00\x00\x00\x00\x00\x00\x00\x00\x00\x00\x00\x00\x00\x00\x00\x00\x00\x00\x00\x00\x00\x00\x00\x00\x00\x00\x00\x00\x00\x00\x00\x00\x00\x00\x00\x00\x00\x00\x00\x00\x00\x00\x00\x00\x00\x00\x00\x00\x00\x00\x00\x00\x00\x00\x00\x00\x00\x00\x00\x00\x00\x00\x00\x00\x00\x00\x00\x00\x00\x00\x00\x00\x00\x00\x00\x00\x00\x00\x00\x00\x00\x00\x00\x00\x00\x00"""
"138","7febeca3a3ad","2023-12-25 11:52:52","34.117.186.192","443","b""\x16\x03\x01\x02\x00\x01\x00\x01\xfc\x03\x03\x11\xf4CX\x8d\xbd3 l\xc8\xf8\xfa\xee\xabwPw0.4\xfb\xf6\xff?$\x1d\xca\xd4(\x0f2\x13 \xb8l\xaf\xb1f\xd4\xda`\x874\x01\x84\xb6b\x86\x8e\xb4\xa8\xad\xa5\x07m/\xdc\xccl\x91\xe1\xd8\x90\x04!\x00V\x13\x02\x13\x03\x13\x01\xc0,\xc00\xc0+\xc0/\xcc\xa9\xcc\xa8\x00\x9f\x00\x9e\xcc\xaa\xc0\xaf\xc0\xad\xc0\xae\xc0\xac\xc0$\xc0(\xc0#\xc0'\xc0\n\xc0\x14\xc0\t\xc0\x13\xc0\xa3\xc0\x9f\xc0\xa2\xc0\x9e\x00k\x00g\x009\x003\x00\x9d\x00\x9c\xc0\xa1\xc0\x9d\xc0\xa0\xc0\x9c\x00=\x00<\x005\x00/\x00\xff\x01\x00\x01]\x00\x00\x00\x0e\x00\x0c\x00\x00\tipinfo.io\x00\x0b\x00\x04\x03\x00\x01\x02\x00\n\x00\x0c\x00\n\x00\x1d\x00\x17\x00\x1e\x00\x19\x00\x18\x00\x10\x00\x0b\x00\t\x08http/1.1\x00\x16\x00\x00\x00\x17\x00\x00\x001\x00\x00\x00\r\x00*\x00(\x04\x03\x05\x03\x06\x03\x08\x07\x08\x08\x08\t\x08\n\x08\x0b\x08\x04\x08\x05\x08\x06\x04\x01\x05\x01\x06\x01\x03\x03\x03\x01\x03\x02\x04\x02\x05\x02\x06\x02\x00+\x00\x05\x04\x03\x04\x03\x03\x00-\x00\x02\x01\x01\x003\x00&\x00$\x00\x1d\x00  \x94RlDv\x1e\xa0\xb3\xfb^\x98T\x8eSP\x8a\xac\x83\xa7\xc1\xf7#\xdd\xdb\xb6v\x93\xc2\x08\x03u\x00\x15\x00\xad\x00\x00\x00\x00\x00\x00\x00\x00\x00\x00\x00\x00\x00\x00\x00\x00\x00\x00\x00\x00\x00\x00\x00\x00\x00\x00\x00\x00\x00\x00\x00\x00\x00\x00\x00\x00\x00\x00\x00\x00\x00\x00\x00\x00\x00\x00\x00\x00\x00\x00\x00\x00\x00\x00\x00\x00\x00\x00\x00\x00\x00\x00\x00\x00\x00\x00\x00\x00\x00\x00\x00\x00\x00\x00\x00\x00\x00\x00\x00\x00\x00\x00\x00\x00\x00\x00\x00\x00\x00\x00\x00\x00\x00\x00\x00\x00\x00\x00\x00\x00\x00\x00\x00\x00\x00\x00\x00\x00\x00\x00\x00\x00\x00\x00\x00\x00\x00\x00\x00\x00\x00\x00\x00\x00\x00\x00\x00\x00\x00\x00\x00\x00\x00\x00\x00\x00\x00\x00\x00\x00\x00\x00\x00\x00\x00\x00\x00\x00\x00\x00\x00\x00\x00\x00\x00\x00\x00\x00\x00\x00\x00\x00\x00\x00\x00\x00\x00\x00\x00\x00\x00\x00\x00"""
"139","ea6be1b4f00b","2023-12-25 12:20:31","142.250.74.78","80","b'GET / HTTP/1.0\r\nHost: google.com\r\n\r\n'"
"140","ea6be1b4f00b","2023-12-25 12:20:32","2a00:1450:400f:802::200e","80","b'GET / HTTP/1.0\r\nHost: google.com\r\n\r\n'"
"141","ea6be1b4f00b","2023-12-25 12:20:32","142.250.74.78","80","b'GET / HTTP/1.0\r\nHost: yahoo.com\r\n\r\n'"
"142","ea6be1b4f00b","2023-12-25 12:20:32","2001:4998:44:3507::8001","80","b'GET / HTTP/1.0\r\nHost: yahoo.com\r\n\r\n'"
"143","ea6be1b4f00b","2023-12-25 12:20:32","77.88.55.60","80","b'GET / HTTP/1.0\r\nHost: yandex.ru\r\n\r\n'"
"144","ea6be1b4f00b","2023-12-25 12:20:33","2001:4998:44:3507::8000","80","b'GET / HTTP/1.0\r\nHost: yandex.ru\r\n\r\n'"
"145","af505a99f857","2023-12-25 13:50:34","142.250.74.78","80","b'GET / HTTP/1.0\r\nHost: google.com\r\n\r\n'"
"146","af505a99f857","2023-12-25 13:50:34","2a00:1450:400f:802::200e","80","b'GET / HTTP/1.0\r\nHost: google.com\r\n\r\n'"
"147","af505a99f857","2023-12-25 13:50:34","74.6.143.26","80","b'GET / HTTP/1.0\r\nHost: yahoo.com\r\n\r\n'"
"148","af505a99f857","2023-12-25 13:50:34","2001:4998:124:1507::f000","80","b'GET / HTTP/1.0\r\nHost: yahoo.com\r\n\r\n'"
"149","af505a99f857","2023-12-25 13:50:35","77.88.55.60","80","b'GET / HTTP/1.0\r\nHost: yandex.ru\r\n\r\n'"
"150","af505a99f857","2023-12-25 13:50:35","2001:4998:124:1507::f000","80","b'GET / HTTP/1.0\r\nHost: yandex.ru\r\n\r\n'"
"151","6f56069dd22c","2023-12-25 14:41:02","142.250.186.196","443","b""\x16\x03\x01\x02\x00\x01\x00\x01\xfc\x03\x03\xa2Xf\xbd\xcb\xcb\xdd\x02\xeb\xeb\x9d{hQ&\x04\xd2\t\xa8\xa19A\xb2\x92*u^\xac\xbbs\xd2\xdf \x9d\xfb+\x95B\xef&Z\xf6\xcd\x13XO\x1a\xcb^\x97\x00\xce\xee2\r\xa7Lp{8\xb5Ud\xac\xd0\x00V\x13\x02\x13\x03\x13\x01\xc0,\xc00\xc0+\xc0/\xcc\xa9\xcc\xa8\x00\x9f\x00\x9e\xcc\xaa\xc0\xaf\xc0\xad\xc0\xae\xc0\xac\xc0$\xc0(\xc0#\xc0'\xc0\n\xc0\x14\xc0\t\xc0\x13\xc0\xa3\xc0\x9f\xc0\xa2\xc0\x9e\x00k\x00g\x009\x003\x00\x9d\x00\x9c\xc0\xa1\xc0\x9d\xc0\xa0\xc0\x9c\x00=\x00<\x005\x00/\x00\xff\x01\x00\x01]\x00\x00\x00\x13\x00\x11\x00\x00\x0ewww.google.com\x00\x0b\x00\x04\x03\x00\x01\x02\x00\n\x00\x0c\x00\n\x00\x1d\x00\x17\x00\x1e\x00\x19\x00\x18\x00\x10\x00\x0b\x00\t\x08http/1.1\x00\x16\x00\x00\x00\x17\x00\x00\x001\x00\x00\x00\r\x00*\x00(\x04\x03\x05\x03\x06\x03\x08\x07\x08\x08\x08\t\x08\n\x08\x0b\x08\x04\x08\x05\x08\x06\x04\x01\x05\x01\x06\x01\x03\x03\x03\x01\x03\x02\x04\x02\x05\x02\x06\x02\x00+\x00\x05\x04\x03\x04\x03\x03\x00-\x00\x02\x01\x01\x003\x00&\x00$\x00\x1d\x00 \x87\xbd\xd3E\xfcX\xd7.\xa4~\x92\x1c\xfd\xf4j\x8eDD\x1aw\xc7=\x0e\x7f\xd1\xc5WX/%\x93\x08\x00\x15\x00\xa8\x00\x00\x00\x00\x00\x00\x00\x00\x00\x00\x00\x00\x00\x00\x00\x00\x00\x00\x00\x00\x00\x00\x00\x00\x00\x00\x00\x00\x00\x00\x00\x00\x00\x00\x00\x00\x00\x00\x00\x00\x00\x00\x00\x00\x00\x00\x00\x00\x00\x00\x00\x00\x00\x00\x00\x00\x00\x00\x00\x00\x00\x00\x00\x00\x00\x00\x00\x00\x00\x00\x00\x00\x00\x00\x00\x00\x00\x00\x00\x00\x00\x00\x00\x00\x00\x00\x00\x00\x00\x00\x00\x00\x00\x00\x00\x00\x00\x00\x00\x00\x00\x00\x00\x00\x00\x00\x00\x00\x00\x00\x00\x00\x00\x00\x00\x00\x00\x00\x00\x00\x00\x00\x00\x00\x00\x00\x00\x00\x00\x00\x00\x00\x00\x00\x00\x00\x00\x00\x00\x00\x00\x00\x00\x00\x00\x00\x00\x00\x00\x00\x00\x00\x00\x00\x00\x00\x00\x00\x00\x00\x00\x00\x00\x00\x00\x00\x00\x00"""
"152","6f56069dd22c","2023-12-25 14:41:02","34.117.186.192","443","b""\x16\x03\x01\x02\x00\x01\x00\x01\xfc\x03\x03\xe0L\xe8\x84\xce`@8~\x92d6\xaa\x92E\x9fY\x81\xd6Zix\x90VF\x1d\x13j\xa1\x95\xb2\xae \xd8\xb7\x914\xbfy\xdb\xb6\xe4\xa07|\x0e\xf3\x07\xd4\xfe*\x193\xc5I\xc4\x19$.\xe14\xaav\xe2o\x00V\x13\x02\x13\x03\x13\x01\xc0,\xc00\xc0+\xc0/\xcc\xa9\xcc\xa8\x00\x9f\x00\x9e\xcc\xaa\xc0\xaf\xc0\xad\xc0\xae\xc0\xac\xc0$\xc0(\xc0#\xc0'\xc0\n\xc0\x14\xc0\t\xc0\x13\xc0\xa3\xc0\x9f\xc0\xa2\xc0\x9e\x00k\x00g\x009\x003\x00\x9d\x00\x9c\xc0\xa1\xc0\x9d\xc0\xa0\xc0\x9c\x00=\x00<\x005\x00/\x00\xff\x01\x00\x01]\x00\x00\x00\x0e\x00\x0c\x00\x00\tipinfo.io\x00\x0b\x00\x04\x03\x00\x01\x02\x00\n\x00\x0c\x00\n\x00\x1d\x00\x17\x00\x1e\x00\x19\x00\x18\x00\x10\x00\x0b\x00\t\x08http/1.1\x00\x16\x00\x00\x00\x17\x00\x00\x001\x00\x00\x00\r\x00*\x00(\x04\x03\x05\x03\x06\x03\x08\x07\x08\x08\x08\t\x08\n\x08\x0b\x08\x04\x08\x05\x08\x06\x04\x01\x05\x01\x06\x01\x03\x03\x03\x01\x03\x02\x04\x02\x05\x02\x06\x02\x00+\x00\x05\x04\x03\x04\x03\x03\x00-\x00\x02\x01\x01\x003\x00&\x00$\x00\x1d\x00 \xd0\x0e\xc6\x98\xae\xd3\x8e\x06\t\x1e\x9f\x7f'$\\;\x9c\x86\xc6\x9d\xd9\x02\x14$#\x1e\xd3\n\xca[\x90\x03\x00\x15\x00\xad\x00\x00\x00\x00\x00\x00\x00\x00\x00\x00\x00\x00\x00\x00\x00\x00\x00\x00\x00\x00\x00\x00\x00\x00\x00\x00\x00\x00\x00\x00\x00\x00\x00\x00\x00\x00\x00\x00\x00\x00\x00\x00\x00\x00\x00\x00\x00\x00\x00\x00\x00\x00\x00\x00\x00\x00\x00\x00\x00\x00\x00\x00\x00\x00\x00\x00\x00\x00\x00\x00\x00\x00\x00\x00\x00\x00\x00\x00\x00\x00\x00\x00\x00\x00\x00\x00\x00\x00\x00\x00\x00\x00\x00\x00\x00\x00\x00\x00\x00\x00\x00\x00\x00\x00\x00\x00\x00\x00\x00\x00\x00\x00\x00\x00\x00\x00\x00\x00\x00\x00\x00\x00\x00\x00\x00\x00\x00\x00\x00\x00\x00\x00\x00\x00\x00\x00\x00\x00\x00\x00\x00\x00\x00\x00\x00\x00\x00\x00\x00\x00\x00\x00\x00\x00\x00\x00\x00\x00\x00\x00\x00\x00\x00\x00\x00\x00\x00\x00\x00\x00\x00\x00\x00"""
"153","e4991a4a1840","2023-12-25 15:03:05","142.250.74.78","80","b'GET / HTTP/1.0\r\nHost: google.com\r\n\r\n'"
"154","e4991a4a1840","2023-12-25 15:03:05","2a00:1450:400f:802::200e","80","b'GET / HTTP/1.0\r\nHost: google.com\r\n\r\n'"
"155","e4991a4a1840","2023-12-25 15:03:05","74.6.143.25","80","b'GET / HTTP/1.0\r\nHost: yahoo.com\r\n\r\n'"
"156","e4991a4a1840","2023-12-25 15:03:06","2001:4998:44:3507::8000","80","b'GET / HTTP/1.0\r\nHost: yahoo.com\r\n\r\n'"
"157","e4991a4a1840","2023-12-25 15:03:06","5.255.255.70","80","b'GET / HTTP/1.0\r\nHost: yandex.ru\r\n\r\n'"
"158","e4991a4a1840","2023-12-25 15:03:06","2001:4998:44:3507::8001","80","b'GET / HTTP/1.0\r\nHost: yandex.ru\r\n\r\n'"
"159","6eb240305326","2023-12-25 17:50:09","142.250.74.78","80","b'GET / HTTP/1.0\r\nHost: google.com\r\n\r\n'"
"160","6eb240305326","2023-12-25 17:50:09","2a00:1450:400f:802::200e","80","b'GET / HTTP/1.0\r\nHost: google.com\r\n\r\n'"
"161","6eb240305326","2023-12-25 17:50:10","74.6.231.20","80","b'GET / HTTP/1.0\r\nHost: yahoo.com\r\n\r\n'"
"162","6eb240305326","2023-12-25 17:50:10","2a00:1450:400f:802::200e","80","b'GET / HTTP/1.0\r\nHost: yahoo.com\r\n\r\n'"
"163","6eb240305326","2023-12-25 17:50:10","77.88.55.60","80","b'GET / HTTP/1.0\r\nHost: yandex.ru\r\n\r\n'"
"164","6eb240305326","2023-12-25 17:50:10","2001:4998:44:3507::8000","80","b'GET / HTTP/1.0\r\nHost: yandex.ru\r\n\r\n'"
"165","8e0de6865e10","2023-12-25 18:25:45","64.233.165.147","443","b""\x16\x03\x01\x02\x00\x01\x00\x01\xfc\x03\x03J3\xb6\xa6)2\x9e\x94l\xc1\x8eT\x93\x844?)\xe9\x876\x87\x90hg\xfc\x97\x93\x1d\x8a\xba[\x0c \x01Qr\xb4\x95\x91\x17\xfd\xb8)\xdfM;\xb0\xe0K0\xd8H\x9d\xc4\x9a@T\x96\xd6\xe1\xbe\x07\nm\xe8\x00V\x13\x02\x13\x03\x13\x01\xc0,\xc00\xc0+\xc0/\xcc\xa9\xcc\xa8\x00\x9f\x00\x9e\xcc\xaa\xc0\xaf\xc0\xad\xc0\xae\xc0\xac\xc0$\xc0(\xc0#\xc0'\xc0\n\xc0\x14\xc0\t\xc0\x13\xc0\xa3\xc0\x9f\xc0\xa2\xc0\x9e\x00k\x00g\x009\x003\x00\x9d\x00\x9c\xc0\xa1\xc0\x9d\xc0\xa0\xc0\x9c\x00=\x00<\x005\x00/\x00\xff\x01\x00\x01]\x00\x00\x00\x13\x00\x11\x00\x00\x0ewww.google.com\x00\x0b\x00\x04\x03\x00\x01\x02\x00\n\x00\x16\x00\x14\x00\x1d\x00\x17\x00\x1e\x00\x19\x00\x18\x01\x00\x01\x01\x01\x02\x01\x03\x01\x04\x00\x10\x00\x0b\x00\t\x08http/1.1\x00\x16\x00\x00\x00\x17\x00\x00\x001\x00\x00\x00\r\x00*\x00(\x04\x03\x05\x03\x06\x03\x08\x07\x08\x08\x08\t\x08\n\x08\x0b\x08\x04\x08\x05\x08\x06\x04\x01\x05\x01\x06\x01\x03\x03\x03\x01\x03\x02\x04\x02\x05\x02\x06\x02\x00+\x00\t\x08\x03\x04\x03\x03\x03\x02\x03\x01\x00-\x00\x02\x01\x01\x003\x00&\x00$\x00\x1d\x00 [@\x1cUX#\xa8\xc9\x03j\xa3Q\x92\x82\x04x\x1d\xd5T\xd4#\x08H0^\x18|\xb0o\xd2l\x00\x00\x15\x00\x9a\x00\x00\x00\x00\x00\x00\x00\x00\x00\x00\x00\x00\x00\x00\x00\x00\x00\x00\x00\x00\x00\x00\x00\x00\x00\x00\x00\x00\x00\x00\x00\x00\x00\x00\x00\x00\x00\x00\x00\x00\x00\x00\x00\x00\x00\x00\x00\x00\x00\x00\x00\x00\x00\x00\x00\x00\x00\x00\x00\x00\x00\x00\x00\x00\x00\x00\x00\x00\x00\x00\x00\x00\x00\x00\x00\x00\x00\x00\x00\x00\x00\x00\x00\x00\x00\x00\x00\x00\x00\x00\x00\x00\x00\x00\x00\x00\x00\x00\x00\x00\x00\x00\x00\x00\x00\x00\x00\x00\x00\x00\x00\x00\x00\x00\x00\x00\x00\x00\x00\x00\x00\x00\x00\x00\x00\x00\x00\x00\x00\x00\x00\x00\x00\x00\x00\x00\x00\x00\x00\x00\x00\x00\x00\x00\x00\x00\x00\x00\x00\x00\x00\x00\x00\x00"""
"166","8e0de6865e10","2023-12-25 18:25:45","34.117.186.192","443","b'\x16\x03\x01\x02\x00\x01\x00\x01\xfc\x03\x03!& 4\xc6\xff\xf9\x92\xbcZ\x94\xd2N\x00\xe6\xa4\x1a\xb5\xebK\\\xbd\xa1\t\xb1A\xb9\x8f\x1f\xef\xcf\xba W\xdc\x18\t\x0ckI\xf7\xc5\x03\xa6Q\x98\xd9\x98\x86\xf8\xb9\x93-\xa1\xc9\x0e\xeeR\x94\xe7\xe9\xbd\x8c\\""\x00V\x13\x02\x13\x03\x13\x01\xc0,\xc00\xc0+\xc0/\xcc\xa9\xcc\xa8\x00\x9f\x00\x9e\xcc\xaa\xc0\xaf\xc0\xad\xc0\xae\xc0\xac\xc0$\xc0(\xc0#\xc0\'\xc0\n\xc0\x14\xc0\t\xc0\x13\xc0\xa3\xc0\x9f\xc0\xa2\xc0\x9e\x00k\x00g\x009\x003\x00\x9d\x00\x9c\xc0\xa1\xc0\x9d\xc0\xa0\xc0\x9c\x00=\x00<\x005\x00/\x00\xff\x01\x00\x01]\x00\x00\x00\x0e\x00\x0c\x00\x00\tipinfo.io\x00\x0b\x00\x04\x03\x00\x01\x02\x00\n\x00\x16\x00\x14\x00\x1d\x00\x17\x00\x1e\x00\x19\x00\x18\x01\x00\x01\x01\x01\x02\x01\x03\x01\x04\x00\x10\x00\x0b\x00\t\x08http/1.1\x00\x16\x00\x00\x00\x17\x00\x00\x001\x00\x00\x00\r\x00*\x00(\x04\x03\x05\x03\x06\x03\x08\x07\x08\x08\x08\t\x08\n\x08\x0b\x08\x04\x08\x05\x08\x06\x04\x01\x05\x01\x06\x01\x03\x03\x03\x01\x03\x02\x04\x02\x05\x02\x06\x02\x00+\x00\t\x08\x03\x04\x03\x03\x03\x02\x03\x01\x00-\x00\x02\x01\x01\x003\x00&\x00$\x00\x1d\x00 \xb6>\x01\x8cc\xa9\xd5&xy?\xd9\x80\x85\x10\xb7\x8d\xf5\xa7\xb2\x9c\x87\x9f\xfb\xc8-\x98\x14\x83\x95\x00t\x00\x15\x00\x9f\x00\x00\x00\x00\x00\x00\x00\x00\x00\x00\x00\x00\x00\x00\x00\x00\x00\x00\x00\x00\x00\x00\x00\x00\x00\x00\x00\x00\x00\x00\x00\x00\x00\x00\x00\x00\x00\x00\x00\x00\x00\x00\x00\x00\x00\x00\x00\x00\x00\x00\x00\x00\x00\x00\x00\x00\x00\x00\x00\x00\x00\x00\x00\x00\x00\x00\x00\x00\x00\x00\x00\x00\x00\x00\x00\x00\x00\x00\x00\x00\x00\x00\x00\x00\x00\x00\x00\x00\x00\x00\x00\x00\x00\x00\x00\x00\x00\x00\x00\x00\x00\x00\x00\x00\x00\x00\x00\x00\x00\x00\x00\x00\x00\x00\x00\x00\x00\x00\x00\x00\x00\x00\x00\x00\x00\x00\x00\x00\x00\x00\x00\x00\x00\x00\x00\x00\x00\x00\x00\x00\x00\x00\x00\x00\x00\x00\x00\x00\x00\x00\x00\x00\x00\x00\x00\x00\x00\x00\x00'"
